CASRN,Name
77-73-6,Dicyclopentadiene
7784-01-2,silver chromate
131-74-8,ammonium picrate
100-37-8,"Ethanol, 2-(diethylamino)-"
10099-74-8,Lead dinitrate
ID723,Coal tar naphtha
106-46-7,p-Dichlorobenzene
8018-01-7,"Complex compounds of manganese N,N'-ethylenebis(dithiocarbamate) and zinc N,N'-ethylenebis(dithiocarbamate)"
532-27-4,2-chloroacetophenone
98-00-0,2-Furanmethanol
100784-20-1,"Methyl 3-chloro-5-(4,6-dimethoxy-2-pyrimidinylcarbamoylsulfamoyl)-1-methylpyrazole-4-carboxylate"
86-88-4,antu
109-94-4,Ethyl formate
3570-75-0,2-(2-Formylhydrazino)-4-(5-nitro-2-furyl)thiazole
2439-35-2,2-(Dimethylamino)ethyl acrylate
297-78-9,isobenzan
7292-16-2,propaphos 
57-09-0,Hexadecyltrimethylammonium bromide
1331-22-2,methylcyclohexanone
79-41-4,Methacrylic acid
95-47-6,o-Xylene
7726-95-6,Bromine
111-69-3,Adiponitrile
61432-55-1,S-1-methyl-1-phenylethyl 1-piperidinecarbothioate
106-41-2,p-Bromophenol
123-31-9,Hydroquinone
2784-94-3,"2,2'-[[4-(methylamino)-3-nitrophenyl]imino]bisethanol"
1314-80-3,Diphosphorus pentasulfide
100-61-8,N-Methylaniline
619-15-8,"2,5-Dinitrotoluene"
13963-58-1,tripotassium hexacyanocobaltate
21351-79-1,caesium hydroxide
99-35-4,"1,3,5-trinitrobenzene"
121-44-8,Triethylamine
1327-53-3,Diarsenic trioxide
76-15-3,"Ethane, chloropentafluoro-"
57-24-9,Strychnine
78-00-2,"Lead, tetraethyl-"
75-72-9,Chlorotrifluoromethane; CFC-13
756-79-6,"Phosphonic acid, methyl-, dimethyl ester"
75-87-6,Trichloroacetaldehyde
108-42-9,m-Chloroaniline
7719-09-7,Thionyl dichloride
109-64-8,"1,3-Dibromopropane"
17756-81-9,2-chloro-N-(2-cyanoethyl)acetamide
7774-41-6,"Arsenic acid, hemihydrate"
78-95-5,"2-Propanone, 1-chloro-"
107-07-3,2-Chloroethanol
7789-38-0,Sodium bromate
576-26-1,"2,6-Xylenol"
1310-58-3,Potassium hydroxide
16893-92-8,potassium hexafluoroantimonate
1113-38-8,diammonium oxalate
302-01-2,Hydrazine
111-44-4,"Ether, bis(2-chloroethyl)-"
41198-08-7,O-4-bromo-2-chlorophenyl O-ethyl S-propyl phosphorothioate
101-77-9,"4,4'-Methylenedianiline"
624-91-9,methyl nitrite
624-92-0,Dimethyl disulfide
50-06-6,"5-Ethyl-5-phenyl-2,4,6(1H,3H,5H)-pyrimidinetrione; Phenobarbital"
52-68-6,"Dimethyl 2,2,2-trichloro-1-hydroxyethylphosphonate; Trichlorfon; DEP"
1309-37-1,Diiron trioxide
7772-99-8,tin dichloride
50922-29-7,Chromium zinc oxide
19287-45-7,diborane(6)
96-18-4,"Propane, 1,2,3-trichloro-"
3825-26-1,ammonium pentadecafluorooctanoate
541-09-3,bis(acetato-O)dioxouranium
1317-36-8,Lead monoxide; Litharge
62-53-3,Aniline
ID492,Poly(oxyethylene) alkyl ether (alkyl C=12-15)
1304-56-9,Beryllium oxide
25155-23-1,Tris(dimethylphenyl) phosphate
100-52-7,Benzaldehyde
78-48-8,"S,S,S-tributylphosphorotrithioate"
506-77-4,cyanogen chloride
591-27-5,m-Aminophenol
6046-93-1,"Cupric acetate, monohydrate "
2274-67-1,"2-Chloro-1-(2,4-dichlorophenyl)vinyl dimethyl phosphate; Dimethylvinphos"
10026-13-8,Phosphorus pentachloride
75-15-0,Carbon disulfide
127-18-4,Tetrachloroethylene
1336-21-6,Ammonium hydroxide
107-02-8,Acrolein
1461-22-9,Tributyltin chloride
22373-78-0,"Monensin, monosodium salt"
26628-22-8,Sodium azide  (Na(N3))
7429-90-5,Aluminium
148-79-8,"2-(1,3-Thiazol-4-yl)-1H-benzoimidazole"
563-80-4,"2-Butanone, 3-methyl-"
115-96-8,Tris(2-chloroethyl) phosphate
106-49-0,p-Toluidine
51-28-5,"2,4-Dinitrophenol"
64741-44-2,"Distillates (petroleum), straight-run middle"
10265-92-6,Methamidophos
7440-42-8,Boron
7722-64-7,Potassium permanganate
602-01-7,"2,3-Dinitrotoluene"
100-74-3,"Morpholine, 4-ethyl-"
62-76-0,"Ethandioic acid, disodium salt"
76-13-1,"Ethane, 1,1,2-trichloro-1,2,2-trifluoro-"
60-51-5,"O,O-Dimethyl S-(N-methylcarbamoyl)methyl phosphorodithioate; Dimethoate"
141-32-2,Butyl acrylate
7446-09-5,Sulfur dioxide
102-81-8,2-(Di-n-butylamino)ethanol
2275-23-2,"O,O-Dimethyl S-2-[1-(N-methylcarbamoyl)ethylthio]ethyl phosphorothioate; Vamidothion"
122-34-9,"2-chloro-4,6-bis(ethylamino)-1,3,5-triazine"
90583-37-2,"Sulfurous acid, lead(2+) salt, basic"
7758-97-6,Lead chromate
7758-09-0,potassium nitrite
110-71-4,"1,2-dimethoxyethane"
999-81-5,"Ethanaminium, 2-chloro-N,N,N-trimethyl-"
4170-30-3,2-Butenal
1067-97-6,tributyltin hydroxide
7778-39-4,Arsenic acid
10470-01-6,2-Cyclohexylbiphenyl
7440-41-7,beryllium
2813-95-8,dinoseb acetate
1321-65-9,trichloronaphthalene
6988-21-2,dioxacarb
13453-07-1,gold trichloride
1111-67-7,copper thiocyanate
72623-86-0,"Distillates (petroleum), solvent-refined heavy paraffinic; Distillates (petroleum), solvent-refined light naphthenic; Lubricating oils (petroleum), C15-30, hydrotreated neutral oil-based; Lubricating oils (petroleum), C20-50, hydrotreated neutral oil-based; Petroleum; Paraffin oils"
62-75-9,dimethylnitrosoamine
7440-47-3,Chromium
7439-92-1,Lead
543-90-8,cadmium di(acetate)
7440-48-4,Cobalt
598-78-7,"Propionic acid, 2-chloro-"
79-10-7,Acrylic acid
36536-46-6,4-methyloxetan-2-one; (+/-)-4-methyloxetan-2-one
56-36-0,tributyltin acetate
2079-00-7,Blasticidin S 
85-00-7,"1,1'-Ethylene-2,2'-bipyridinium dibromide"
22224-92-6,Fenamiphos
7718-54-9,Nickel dichloride
2655-14-3,"3,5-Dimethylphenyl N-methylcarbamate; XMC"
110-86-1,Pyridine
87-66-1,pyrogallol
75-44-5,Phosgene
112-02-7,Hexadecan-1-yl(trimethyl)ammonium chloride
6517-25-5,Tributyltin sulfamate
107-21-1,Ethylene glycol
23505-41-1,pirimiphos-ethyl
107-22-2,Glyoxal
108-39-4,m-Cresol
12108-13-3,methyl cyclopentadienyl manganese tricarbonyl
12071-83-9,"Polymer of N,N'-propylenebis(dithiocarbamic acid) and zinc"
18854-01-8,"O,O-Diethyl O-5-phenyl-3-isoxazolyl phosphorothioate; Isoxathion Â "
119-61-9,Benzophenone
26447-14-3,2-[(Tolyloxy)methyl]oxirane
1395-21-7,"Subtilisins, as crystalline active enzyme"
98-86-2,Acetophenone
8014-95-7,Oleum
95-80-7,"2,4-Toluenediamine"
10031-43-3,cupric nitrate
95-83-0,4-chloro-o-phenylenediamine
75-69-4,"Methane, trichlorofluoro-"
74115-24-5,"3,6-Bis(2-chlorophenyl)-1,2,4,5-tetrazine; Clofentezine"
50512-35-1,"Diisopropyl 1,3-dithiolan-2-ylidenemalonate; isoprothiolane"
111872-58-3,2-(4-Bromodifluoromethoxyphenyl)-2-methylpropyl 3-phenoxybenzyl ether; Hhalfenprox
7790-94-5,Chlorosulfonic acid
110-52-1,"1,4-Dibromobutane"
7487-94-7,Mercury dichloride
941-69-5,N-Phenylmaleimide
126-99-8,Chloroprene
7783-79-1,Selenium hexafluoride
12079-65-1,tricarbonyl(eta-cyclopentadienyl)manganese
1912-24-9,Atrazine
552-30-7,"1,2,4-Bbenzenetricarboxylic 1,2-anhydride"
7700-17-6,crotoxyphos
15189-51-2,sodium tetrachloroaurate
12062-24-7,copper hexafluorosilicate
608-73-1,BHC or HCH
155569-91-8,Emamectin benzoate 
944-22-9,fonofos
120-71-8,"Benzenamine, 2-methoxy-5methyl-"
75-79-0,"2,2-Dichloropropionic acid"
479-45-8,"N-methyl-N,2,4,6-tetranitroaniline"
60-11-7,4-dimethylaminoazobenzene
10326-27-9,"Barium chloride, dihydrate"
12656-85-8,C.I. Pigment Red 104
7446-08-4,Selenium dioxide
119446-68-3,"1-({2-[2-chloro-4-(4-chlorophenoxy)phenyl]-4-methyl-1,3-dioxolan-2-yl}methyl)-1H-1,2,4-triazole"
51276-47-2,2-Amino-4-[hydroxy(methyl)phosphinoyl]butyric acid; Glufosinate
79-06-1,Acrylamide
40487-42-1,"N-(1-Ethylpropyl)-2,6-dinitro-3,4-xylidine; Pendimethalin"
25103-58-6,tert-Dodecanethiol
ID410,Dichloropentafluoropropane; HCFC-225
90-02-8,Salicylaldehyde
7723-14-0,Phosphorus
74222-97-2,"methyl 2-[[[[(4,6-dimethyl-2-pyrimidinyl)amino]carbonyl]amino]sulphonyl]benzoate"
3648-21-3,Di-n-heptyl phthalate
334-88-3,diazomethane
64741-88-4,"Distillates (petroleum), solvent-refined heavy paraffinic; Distillates (petroleum), solvent-refined light naphthenic; Lubricating oils (petroleum), C15-30, hydrotreated neutral oil-based; Lubricating oils (petroleum), C20-50, hydrotreated neutral oil-based; Petroleum; Paraffin oils"
14808-60-7,Quartz
91-15-6,Phthalonitrile
7784-36-3,pentafluoroarsorane
79-01-6,Trichloroethylene
126-07-8,"(1'S,6'R)-7-Chloro-2',4,6-trimethoxy-6'-methyl-3H-spiro[benzofuran-2,1'-cyclohex[2]ene]-3,4'-dione"
2312-76-7,"sodium 4,6-dinitro-o-cresolate"
7778-44-1,calcium arsenate
13517-17-4,Disodium chromate decahydrate
31218-83-4,isopropyl 3-[[(ethylamino)methoxyphosphinothioyl]oxy]crotonate
50-78-2,Aspirin
108-05-4,Vinyl acetate
103-90-2,4'-Hydroxyacetanilide
78-34-2,dioxathion
55-38-9,Fenthion
8002-74-2,Paraffin wax
640-19-7,2-fluoroacetamide
74-98-6,Propane
13520-83-7,"Uranyl nitrate, hexahydrate "
1308-38-9,Chromium (III) oxide
19783-14-3,lead hydroxide
563-12-2,ethion
108-44-1,m-Toluidine
112-18-5,"N,N-Dimethyldodecan-1-ylamine"
108-45-2,m-Phenylenediamine
7440-31-5,Tin
822-16-2,"Stearic acid, sodium salt"
533-96-0,"Carbonic acid, sodium salt (2:3)"
12185-10-3,Phosphorus (yellow)
7440-36-0,Antimony
4016-24-4,Sodium 1-(methoxycarbonyl)pentadecane-1-sulfonate
999-61-1,2-hydroxypropyl acrylate
7439-93-2,lithium
123-91-1,"1,4-Dioxane"
10325-94-7,Cadmium nitrate
330-55-2,"3-(3,4-dichlorophenyl)-1-methoxy-1-methylurea"
6864-37-5,"4,4'-Methylenebis(2-methylcyclohexaneamine)"
108-20-3,"Propane, 2,2'-oxybis-"
137-30-4,"Zinc bis(N,N'-dimethyldithiocarbamate)"
110-88-3,"1,3,5-trioxan"
141-66-2,(E)-3-(dimethylamino)-1-methyl-3-oxoprop-1-enyl dimethyl phosphate
119168-77-3,N-(4-tert-Butylbenzyl)-4-chloro-3-ethyl-1-methylpyrazole-5-carboxamide; Tebufenpyrad
15972-60-8,"2-chloro-2',6'-diethyl-N-(methoxymethyl)acetanilide"
67-56-1,Methanol
123-39-7,N-methylformamide
123-96-6,2-Octanol
144-49-0,fluoroacetic acid
592-85-8,mercury dithiocyanate
22441-45-8,arsenic pentachloride
7697-37-2,Nitric acid
72-57-1,"tetrasodium 3,3'-[(3,3'-dimethyl[1,1'-biphenyl]-4,4'-diyl)bis(azo)]bis[5-amino-4-hydroxynaphthalene-2,7-disulphonate]"
108-67-8,"1,3,5-Trimethylbenzene"
12214-12-9,dicadmium selenide sulphide
90-04-0,"Aniline, 2-methoxy-"
782-74-1,"1,2-Bis(2-chlorophenyl)hydrazine"
109-61-5,propyl chloroformate
2039-87-4,o-chlorostyrene
140-88-5,Ethyl acrylate
603-34-9,triphenylamine
108-88-3,Toluene
63935-38-6,"alpha-cyano-3-phenoxybenzyl 2,2-dichloro-1-(4-ethoxyphenyl)cyclopropanecarboxylate"
583-91-5,"Butyric acid, 2-hydroxy-4-(methylthio)-"
7783-60-0,sulphur tetrafluoride
640-15-3,"S-2-(Ethylthio)ethyl O,O-dimethyl phosphorodithioate; Thiometon"
7631-99-4,Sodium nitrate
205-99-2,benz(e)acephenanthrylene
ID1325,Carboxylic acids(higher fatty acids) barium salts
25551-13-7,"Benzene, trimethyl-"
10025-67-9,Disulfur dichloride
82-66-6,diphacinone
ID803,polybrominated biphenyl
334-48-5,Decanoic acid
97-56-3,o-Aminoazotoluene
1303-33-9,"arsenic sulphides, natural"
5598-13-0,"O-3,5,6-trichloro-2-pyridyl O,O-dimethyl phosphorothioate"
7664-39-3,Hydrofluoric acid
75-35-4,"1,1-Dichloroethylene; Vinylydene dichloride"
793-24-8,"N-(1,3-Dimethylbutyl)-N'-phenyl-1,4-phenylenediamine"
7696-12-0,"(1,3-Dioxo-4,5,6,7-tetrahydroisoindolin-2-yl)methyl 2,2-dimethyl-3-(2-methylprop-1-en-1-yl)cyclopropane-1-carboxylate"
65-30-5,nicotine sulphate
7632-00-0,Sodium nitrite
1310-73-2,Sodium hydroxide
78-93-3,2-Butanone
30776-59-1,Tetradecylbenzenesulphonic acid (C14)
2275-14-1,phenkapton
25154-54-5,"Benzene, dinitro-"
583-52-8,dipotassium oxalate
709-98-8,"3',4'-dichloropropionanilide"
102-71-6,Triethanolamine
8003-34-7,Pyrethrins and Pyrethroids
12047-27-7,barium titanium trioxide
1344-40-7,Lead phosphite dibasic 
7439-98-7,Molybdenum
88-12-0,1-vinyl-2-pyrrolidone
74-90-8,Hydrogen cyanide
80-51-3,"Benzenesulfonic acid, 4,4'-oxybis-, dihydrazide"
106917-52-6,"2',4-Dichloro-alpha,alpha,alpha-trifluoro-4'-nitro-m-toluenesulfonanilide; Flusulfamide"
7440-16-6,rhodium
7440-33-7,Tungsten
15263-52-2,cartap hydrochloride
2698-41-1,[(2-chlorophenyl)methylene]malononitrile
2312-35-8,2-(4-tert-butylphenoxy)cyclohexyl 2-propynyl sulfite
95-48-7,o-Cresol
74-97-5,"Methane, bromochloro-"
76-87-9,Fentin hydroxide
99-54-7,"1,2-Dichloro-4-nitrobenzene"
1477-55-0,m-Phenylene-bis(methylamine)
78-94-4,butenone
2451-62-9,Triglycidyl isocyanurate
108-60-1,bis(2-chloro-1-methylethyl) ether
13718-59-7,barium selenite
25496-01-9,Tridecylbenzenesulphonic acid (C13)
107-49-3,TEPP
57-41-0,"5,5-Diphenyl-2,4-imidazolidinedione"
3347-22-6,"2,3-dicyano-1,4-dithiaanthraquinone"
95-68-1,"2,4-Dimethylaniline"
152-16-9,schradan
10043-35-3,Boric acid
149-57-5,"Hexanoic acid, 2-ethyl-"
60-35-5,acetamide
10049-04-4,Chlorine dioxide
82-45-1,"1-Amino-9,10-anthraquinone"
1983-10-4,"Stannane, tributylfluoro-"
7439-97-6,Mercury
16752-77-5,Methomyl
545-06-2,Trichloroacetonitrile
115-90-2,fensulfothion
612-83-9,"N,N'-(3,3'-Dichlorobiphenyl-4,4'-diyl)diammonium dichloride"
463-51-4,Ketene
7440-74-6,indium
106-89-8,Epichlorohydrin
584-84-9,"4-Methyl-1,3-phenylene diisocyanate"
78-59-1,"2-Cyclohexen-1-one, 3,5,5-trimethyl-"
78-42-2,Tris(2-ethylhexyl) phosphate
7784-34-1,arsenic trichloride
287-92-3,Cyclopentane
109-86-4,Ethylene glycol monomethyl ether
107-66-4,Dibutyl phosphate
57142-78-6,[phthalato(2-)]oxodilead
12427-38-2,"Manganese N,N'-ethylenebis(dithiocarbamate)"
107-31-3,Methyl formate
96-13-9,"2,3-Dibromopropan-1-ol"
555-34-0,trisodium trioxalatoferrate
136-78-7,disul
87-86-5,Pentachlorophenol
25321-14-6,Dinitrotoluene
79277-27-3,"Methyl 3-(4-methoxy-6-methyl-1,3,5-triazin-2-ylcarbamoylsulfamoyl)-2-thenoate"
122008-85-9,butyl (R)-2-[4-(4-cyano-2-fluorophenoxy)phenoxy]propionate
288-88-0,"1,2,4-triazole"
75-12-7,Formamide
108-87-2,Methyl cyclohexane
121-14-2,"2,4-Dinitrotoluene"
98-01-1,2-Furaldehyde
1163-19-5,Decabromodiphenyl ether
96-76-4,"2,4-Di-tert-butylphenol"
7783-96-2,silver iodide
25339-17-7,Isodecanol
681-84-5,Tetramethyl silicate
2971-90-6,clopidol
108-83-8,Diisobutyl ketone
108-84-9,"1,3-dimethylbutyl acetate"
7779-88-6,zinc nitrate
1330-20-7,Xylene
25322-01-4,Nitropropanes
79-20-9,Methyl acetate
91-57-6,2-Methylnaphthalene
768-52-5,"Aniline, N-(1-methylethyl)-"
110-19-0,2-Methylpropyl acetate
592-05-2,lead dicyanide
111-40-0,"N-(2-Aminoethyl)-1,2-ethanediamine; Diethylenetriamine"
8052-41-3,Stoddard solvent
8002-05-9,"Distillates (petroleum), solvent-refined heavy paraffinic; Distillates (petroleum), solvent-refined light naphthenic; Lubricating oils (petroleum), C15-30, hydrotreated neutral oil-based; Lubricating oils (petroleum), C20-50, hydrotreated neutral oil-based; Petroleum; Paraffin oils"
34643-46-4,"O-2,4-dichlorophenyl O-ethyl S-propyl phosphorodithioate"
7778-50-9,Potassium dichromate
306-83-2,"Ethane, 2,2-dichloro-1,1,1-trifluoro-"
7789-21-1,Fluorosulfonic acid
917-61-3,Sodium cyanate
27355-22-2,fthalide
7784-35-2,trifluoroarsine
2179-59-1,allyl propyl disulphide
94-36-0,Benzoyl peroxide
64-19-7,Acetic acid
101-90-6,"m-bis(2,3-epoxypropoxy)benzene"
31242-93-0,o-Chlorinated diphenyl oxide
556-61-6,Methyl isothiocyanate
18454-12-1,dilead chromate oxide
300-76-5,naled
12069-69-1,copper(II) carbonate--copper(II) hydroxide (1:1)
8006-64-2,Turpentine oil
13967-50-5,potassium dicyanoaurate
78-82-0,"Propanenitrile, 2-methyl-"
76-06-2,Trichloronitromethane; Chloropicrin
10085-76-4,cupric potassium chloride dihydrate
96-29-7,2-butanone oxime
35400-43-2,O-ethyl O-(4-methylthiophenyl) S-propyl dithiophosphate
111-30-8,Glutaraldehyde
12125-01-8,Ammonium fluoride
175013-18-0,N-[2-[1-(4-Chlorophenyl)-1H-pyrazole-3-yloxymethyl]phenyl]-N-methoxycarbamic acid methyl ester
1310-66-3,Lithium hydroxide monohydrate
10024-97-2,Dinitrogen oxide
25311-71-1,O-Ethyl O-2-(isopropoxycarbonyl)phenyl N-isopropylphosphoramidothioate; Isofenphos
557-21-1,Zinc cyanide
74-85-1,Ethene
75-02-5,"Ethene, fluoro-"
74-86-2,Ethyne
75-01-4,Chloroethylene; Vinyl chloride
516-03-0,iron(II) oxalate
39300-45-3,dinocap
76-03-9,Trichloroacetic acid
75-91-2,tert-Butyl hydroperoxide
128-37-0,"2,6-Di-tert-butyl-p-cresol"
602-38-0,"1,8-dinitronaphthalene"
671-04-5,Carbanolate
97-17-6,"O-2,4-Dichlorophenyl O,O-diethyl phosphorothioate; Dichlofenthion; ECP"
680-31-9,hexamethylphosphoric triamide
14075-53-7,Potassium tetrafluoroborate
105827-78-9,1-[(6-Chloro-3-pyridyl)methyl]imidazolidine-2-(N-nitro)imine
10605-21-7,carbendazim(ISO)
2429-74-5,"tetrasodium 3,3'-[(3,3'-dimethoxy[1,1'-biphenyl]-4,4'-diyl)bis(azo)]bis[5-amino-4-hydroxynaphthalene-2,7-disulphonate]"
4607-81-2,"1,1,2-Trichloro-2-nitroethene"
148-01-6,dinitolmide
143-08-8,Nonan-1-ol
2699-79-8,sulphuryl difluoride
64-67-5,Diethyl sulfate
7094-94-2,(Chloroacetoxy)triphenylstannane
66841-25-6,"alpha-cyano-3-phenoxybenzyl 2,2-dimethyl-3-(1,2,2,2-tetrabromoethyl)cyclopropanecarboxylate"
7783-47-3,tin difluoride
4685-14-7,"1,1'-Dimethyl-4,4'-bipyridinium salts (except paraquat dichloride)"
10035-10-6,Hydrobromic acid
19750-95-9,"N'-(4-chloro-o-tolyl)-N,N-dimethylformamidine monohydrochloride"
105-39-5,Ethyl chloroacetate
592-41-6,1-Hexene
6465-92-5,"Phosphoric acid, 2,2-dichloroethenyl dimethyl ester, compd. with calcium bis(2,2-dichloroethenyl methyl phosphate) (2:1)"
100-42-5,Styrene
106-51-4,p-benzoquinone
109-84-2,2-hydrazinoethanol
4554-16-9,"2,3-dibromopropiononitrile"
88-72-2,2-Nitrotoluene
29973-13-5,ethiofencarb
115-32-2,"2,2,2-trichloro-1,1-bis(4-chlorophenyl)ethanol"
1587-41-3,Dichlorodinitromethane
58011-68-0,"4-(2,4-dichlorobenzoyl)-1,3-dimethyl-5-pyrazolyl 4-toluenesulfonate"
99-08-1,"Toluene, 3-nitro-"
107-19-7,2-Propyn-1-ol
14484-64-1,ferbam
112-30-1,Decan-1-ol
95-31-8,N-(tert-Butyl)-2-benzothiazolesulfenamide
51218-45-2,2-chloro-2'-ethyl-N-(2-methoxy-1-methylethyl)-6'-methylacetanilide
124-43-6,hydrogen peroxide--urea
84-15-1,"1,1':2',1''-Terphenyl"
68955-20-4,Sodium alkyl(C16-18) sulfate
108-91-8,Cyclohexylamine
2238-07-5,"2,2'-[oxybis(methylene)]bisoxirane"
7783-00-8,Selenious acid
7784-40-9,lead hydrogen arsenate
2605-44-9,cadmium dilaurate
92-84-2,10H-Phenothiazine
13755-29-8,sodium tetrafluoroborate
2465-27-2,"4,4'-carbonimidoylbis(N,N-dimethylaniline) monohydrochloride"
3268-49-3,3-(Methylsulfanyl)propanal
765-34-4,"2,3-epoxypropionaldehyde"
543-80-6,barium di(acetate)
2040-52-0,thorium dioxalate
117-84-0,Di-n-octyl phthalate
115-29-7,Endosulfan
7775-09-9,Sodium chlorate
79-00-5,"1,1,2-Trichloroethane"
1321-74-0,"Benzene, diethenyl-"
333-29-9,Phosfolan
ID420,Dibromotetrafluoroethane; Halone-2402
68308-34-9,Shale oils
96-23-1,"1,3-Dichloro-2-propanol"
7775-14-6,Sodium dithionite
7722-84-1,Hydrogen peroxide
646-06-0,"1,3-Dioxolane"
103-69-5,N-Ethylaniline
62850-32-2,"S-4-phenoxybutyl N,N-dimethylthiocarbamate"
39515-40-7,"alpha-cyano-3-phenoxybenzyl 2,2-dimethyl-3-(2-methylprop-1-enyl)cyclopropanecarboxylate"
119-90-4,"3,3'-dimethoxybenzidine"
141-78-6,Ethyl acetate
107-18-6,Allyl alcohol
58-89-9,Lindane
3452-97-9,"3,5,5-Trimethyl-1-hexanol"
71-36-3,1-Butanol
1309-64-4,Diantimony trioxide
598-20-9,"1,2-Dibromo-1-chloroethane"
1335-85-9,Dinitro-2-methylphenol 
1336-36-3,PCB 1254; polychlorobiphenyl; Chlorodiphenyl (42% chlorine)
1634-04-4,Methyl t-butyl ether
69094-18-4,"2,2-dibromo-2-nitroethanol"
7790-84-3,"Sulfuric acid, cadmium salt(1:1), hydrate (8/3)"
55814-41-0,2-methyl-N-[3-(1-methylethoxy)phenyl]benzamide
25154-52-3,Nonylphenol
732-11-6,"O,O-dimethyl phthalimidomethyl S-phosphorodithioate"
1333-86-4,Carbon black
16871-90-2,Dipotassium hexafluorosilicate
14267-17-5,"bis(diethyldithiocarbamato-S,S')nickel"
1304-28-5,"barium oxide, obtained by calcining witherite"
121-69-7,"N,N-Dimethylaniline"
6164-98-3,Chlordimeform
13654-09-6,"Decabromo-1,1'-biphenyl"
7784-13-6,Aluminum chloride hexahydrate 
24151-93-7,piperophos
156-60-5,"trans-1,2-Dichloroethylene"
59-50-7,4-Chloro-3-methylphenol
24312-44-5,N-(4-Bromobenzyl)-2-fluoroacetamide
10102-44-0,nitrogen dioxide
10025-91-9,Antimony trichloride
126-72-7,"tris(2,3-dibromopropyl) phosphate"
50471-44-8,"3-(3,5-Dichlorophenyl)-5-methyl-5-vinyl-1,3-oxazolidine-2,4-dione"
36355-01-8,"Hexabromo-1,1'-biphenyl"
7440-65-5,yttrium
55134-13-9,Narasin
129558-76-5,N-[4-(p-Tolyloxy)benzyl]-1-methyl-3-ethyl-4-chloro-1H-pyrazole-5-carboxamide
16871-71-9,zinc hexafluorosilicate
117-81-7,Bis(2-ethylhexyl) phthalate
7446-26-6,dizinc pyrophosphate
50-32-8,Benzo[a]pyrene
7803-52-3,Stibine
10060-13-6,"Cuprate(2-), tetrachloro-, diammonium, dihydrate"
108-21-4,1-methylethyl acetate
1314-84-7,trizinc diphosphide
79-21-0,Peroxyacetic acid
62-38-4,Phenylmercury acetate
10294-40-3,Barium chromate
429-06-1,tetraethylammonium tetrafluoroborate
2646-17-5,1-[(2-methylphenyl)azo]-2-naphthol
55179-31-2,"1-(4-biphenylyloxy)-3,3-dimethyl-1-(1H-1,2,4-triazol-1-yl)-2-butanol"
27949-52-6,O-butyl S-benzyl S-ethyl Phosphorodithioate
14857-34-2,ethoxydimethylsilane
544-92-3,Copper cyanide
7637-07-2,"Borane, trifluoro-"
54-11-5,Nicotine
25550-58-7,dinitrophenol
7789-00-6,Potassium chromate
8001-35-2,Toxaphene
598-62-9,Manganese carbonate
676-97-1,methylphosphonic dichloride
71-43-2,Benzene
61788-32-7,Hydrogenated terphenyl
557-05-1,Zinc stearate
2595-54-2,mecarbam
110-49-6,2-Methoxyethyl acetate; Ethylene glycol monomethyl ether acetate
1321-64-8,pentachloronaphthalene
7803-51-2,phosphine
96-09-3,"Oxirane, phenyl-"
7681-49-4,Sodium fluoride
54-64-8,thiomersal
75-18-3,Dimethyl sulfide
3618-72-2,"5'-[N,N-Bis(2-acetyloxyethyl)amino]-2'-(2-bromo-4,6-dinitrophenylazo)-4'-methoxyacetanilide"
8050-09-7,Rosin
7647-01-0,Hydrochloric acid
7646-85-7,Zinc chloride
136191-64-5,"Methyl 2-(4,6-dimethoxy-2-pyrimidinyloxy)-6-[1-(methoxyimino)ethyl]benzoate"
120-82-1,"1,2,4-Trichlorobenzene"
7803-62-5,silane
67-63-0,2-Propanol
7783-55-3,phosphorous trifluoride
7782-65-2,germanium tetrahydride
13429-07-7,"2-Propanol, 1-(2-methoxypropoxy)- ; Dipropylene Glycol Methyl Ether "
108-03-2,"Propane, 1-nitro-"
79-19-6,thiosemicarbazide
7783-56-4,antimony trifluoride
106-47-8,p-Chloroaniline
6358-53-8,"1-[(2,5-dimethoxyphenyl)azo]-2-naphthol"
80-62-6,Methyl methacrylate
142-04-1,anilinium chloride
637-92-3,"Propane, 2-ethoxy-2-methyl-"
56-38-2,Parathion
3309-87-3,Fujithion
638-21-1,phenylphosphine
96-33-3,Methyl acrylate
562-81-2,barium tetracyanoplatinate
10025-78-2,"Silane, trichloro-"
108-11-2,"2-Pentanol, 4-methyl-"
7790-91-2,chlorine trifluoride
7446-18-6,Dithallium sulfate
106-99-0,"1,3-Butadiene"
7758-98-7,Copper sulfate
21109-95-5,Barium sulphide
51630-58-1,alpha-Cyano-3-phenoxybenzyl 2-(4-chlorophenyl)-3-methylbutyrate; Fenvalerate
2426-08-6,"Oxirane, (butoxymethyl)-"
85954-11-6,"2,2'-((3,3',5,5'-tetramethyl-(1,1'-biphenyl)-4,4'-diyl)-bis(oxymethylene))-bis-oxirane"
17804-35-2,Benomyl
96491-05-3,"2-chloro-N-(3-methoxy-2-thienyl)-2',6'-dimethylacetanilide"
3078-97-5,diethyl-paradimethyl amino sulfonyl phenyl thiophosphrte
25376-45-8,Diaminotoluene
16595-80-5,levamisole hydrochloride
62-73-7,"Dimethyl 2,2-dichlorovinyl phosphate; Dichlorvos"
84-61-7,Dicyclohexan-1-yl phthalate
67772-01-4,"Coplymer of alkyl(c=8) acrylate,methyl methacrylate and tributyltin methacrylate"
10415-75-5,dimercury dinitrate
62-55-5,Thioacetamide
14220-17-8,dipotassium tetracyanoniccolate
78-67-1,"2,2'-Azobisisobutyronitrile"
547-68-2,zinc oxalate
542-75-6,"Propene, 1,3-dichloro-"
2074-50-2,paraquat-dimethylsulfate
7440-09-7,potassium
120-12-7,Anthracene
25808-74-6,lead hexafluorosilicate
62-56-6,Thiourea
39603-48-0,"1,1'-Methylenebis(thiosemicarbazide)"
85785-20-2,"S-benzyl N-(1,2-dimethylpropyl)-N-ethylthiocarbamate"
51218-49-6,"2-chloro-2',6'-diethyl-N-(2-propoxyethyl)acetanilide"
85-44-9,Phthalic anhydride
31093-47-7,Decylbenzenesulfonic acid (C10)
100-40-3,4-Vinyl-1-cyclohexene
1493-13-6,trifluoromethanesulphonic acid
3689-24-5,sulfotep
57-14-7,"1,1-Dimethylhydrazine"
7440-25-7,tantalum
101-14-4,"3,3'-Dichloro-4,4'-diaminodiphenylmethane"
110-91-8,Morpholine
109-79-5,1-Butanethiol
6080-56-4,"Lead(II) acetate, trihydrate"
60-09-3,4-aminoazobenzene
111-96-6,bis(2-methoxyethyl)ether
116-14-3,Tetrafluoroethylene
56-75-7,"2,2-Dichloro-N-[2-hydroxy-1-(hydroxymethyl)-2-(4-nitrophenyl)ethyl]acetamide; Chloramphenicol"
606-20-2,"2,6-Dinitrotoluene"
640-67-5,"Manganese, [ethanedioato(2-)-kappaO1,kappaO2]-"
69409-94-5,Fluvalinate
1305-78-8,Calcium oxide
10102-90-6,"diphosphoric acid, copper salt"
628-63-7,Pentyl acetate
50-00-0,Formaldehyde
504-29-0,2-Pyridinamine
1313-60-6,disodium peroxide
91-20-3,Naphthalene
77458-01-6,O-1-(4-Chlorophenyl)-4-pyrazolyl O-ethyl S-propyl phosphorothioate; Pyraclofos
834-12-8,"2-ethylamino-4-isopropylamino-6-methylthio-1,3,5-triazine"
301-04-2,Lead diacetate
52645-53-1,"3-phenoxybenzyl 3-(2,2-dichlorovinyl)-2,2-dimethylcyclopropanecarboxylate"
60-57-1,dieldrin
108-57-6,m-Divinylbenzene
59669-26-0,"dimethyl N,N'-[thiobis[(methylimino)carbonyloxy]]bis(thioimidoacetate)"
1120-71-4,"1,2-Oxathiolane 2,2-dioxide"
13286-32-3,"O,O-diethyl S-benzyl phosphorothioate"
7787-32-8,barium fluoride
151-56-4,Aziridine
108-98-5,Thiophenol
110-54-3,Hexane
1331-61-9,Ammonium dodecylbenzenesulphonate (C12)
1929-82-4,2-Chloro-6-(trichloromethyl)pyridine
102-27-2,"m-Toluidine, N-ethyl-"
75-65-0,"2-Propanol, 2-methyl-"
10124-36-4,Cadmium sulphate
121-87-9,2-Chloro-4-nitroaniline
95-50-1,o-Dichlorobenzene
108-77-0,"2,4,6-Trichloro-1,3,5-triazine"
101-61-1,"4,4'-Methylenebis(N,N-dimethylaniline)"
11070-44-3,Tetrahydromethylphthalic anhydride
79-46-9,"Propane, 2-nitro-"
ID1375,Fenaminosulf 
53469-21-9,PCB 1254; polychlorobiphenyl; Chlorodiphenyl (42% chlorine)
91-22-5,Quinoline
505-32-8,"3,7,11,15-Tetramethylhexadec-1-en-3-ol"
103-23-1,Bis(2-ehtylhexyl) adipate
7733-02-0,Zinc sulphate
118-79-6,"2,4,6-Tribromophenol"
786-19-6,carbophenothion
7601-89-0,Sodium perchlorate
100-47-0,Benzonitrile
3811-49-2,"2-methoxy-4H-1,3,2-benzodioxaphosphorin 2-sulphide"
ID1284,Sulfonated polystyrene halofuginone calcium
107-11-9,allylamine
13048-33-4,"Hexane-1,6-diyl diacrylate"
605-71-0,"1,5-dinitronaphthalene"
56-23-5,Tetrachloromethane
299-86-5,4-tert-butyl-2-chlorophenyl methyl methylphosphoramidate
106-93-4,"Ethane, 1,2-dibromo-"
2545-06-1,"(N-(1,1,2,2-Tetrachloroethylthio)-1,2,3,6-tetrahydrophthalimide); Captafol"
100-44-7,Benzyl chloride
7758-01-2,Potassium bromate
94-74-6,(4-chloro-2-methylphenoxy)acetic acid
10294-33-4,boron tribromide
7646-78-8,"Stannane, tetrachloro-"
89-72-5,2-sec-Butylphenol
11054-70-9,Lasalocid
598-31-2,bromoacetone
54381-26-9,N-ethyl-O-methyl-O-(2-chloro-4-methylmercaptophenyl)-phosphoramido thioate
107-87-9,2-Pentanone
ID1304,"2,4,5-Trichlorophenoxyacetic acid methoxybutyl ester"
ID1308,Toluidine salts
83130-01-2,alanycarb
353-59-3,Bromochlorodifluoromethane; Halone-1211
31732-71-5,"(R*,S*)-8,9-Dibromo-5,5,12,12-tetrabutyl-7,10-dioxo-6,11-dioxa-5,12-distannahexadecane"
13682-73-0,potassium dicyanocuprate
558-13-4,carbon tetrabromide
ID438,Tetrachlorodifluoroethane; CFC-112
ID821,Petroleum benzine
7784-46-5,sodium dioxoarsenate
100-00-5,p-Nitrochlorobenzene
143860-04-2,"3-ethyl-2-methyl-2-(3-methylbutyl)-1,3-oxazolidine"
ID430,Dioxins
7440-23-5,Sodium
60-29-7,"Ethane, 1,1'-oxybis"
1582-09-8,"alpha,alpha,alpha-trifluoro-2,6-dinitro-N,N-dipropyl-p-toluidine"
108-70-3,"1,3,5-Trichlorobenzene"
357-57-3,brucine
98-51-1,"Toluene, 4-tert-butyl-"
75-20-7,Calcium acetylide
142-82-5,Heptane
16903-35-8,tetrachloroauric acid
27858-07-7,Tetrabromo(tetrabromophenyl)benzene
90-13-1,1-Chloronaphthalene
56189-09-4,dioxobis(stearato)dilead
98-82-8,Cumene
105-06-6,p-Divinylbenzene
3691-35-8,chlorophacinone
7784-42-1,Arsine
1897-45-6,Tetrachloroisophthalonitrile
96-69-5,"Phenol, 4,4'-thiobis[2-(1,1-dimethylethyl)-5-methyl]-"
108-94-1,Cyclohexanone
1305-99-3,tricalcium diphosphide
12122-67-7,"Zinc N,N'-ethylenebis(dithiocarbamate); Zineb"
26140-60-3,Terphenyl
66-27-3,methyl methanesulphonate
3090-36-6,Tributyl(lauroyloxy)stannane
105-67-9,"2,4-Xylenol"
83-79-4,Rotenone
7572-29-4,Dichloroacetylene
7664-41-7,Ammonia
9016-45-9,Poly(oxyethylene) nonylphenyl ether
ID443,Trichlorotrifluoroethane; CFC-113
88-85-7,"2-(1-Methylpropyl)-4,6-dinitrophenol"
75-27-4,bromodichloromethane
75-50-3,Trimethylamine
7719-12-2,Phosphorous trichloride
108-90-7,Chlorobenzene
2475-45-8,"1,4,5,8-tetraaminoanthraquinone"
74925-56-7,Stannous silicofluoride
78-79-5,Isoprene
1313-13-9,Manganese dioxide
379-52-2,fentin fluoride
7789-09-5,Ammonium dichromate
314-40-9,bromacil
298-02-2,"O,O-diethyl ethylthiomethyl phosphorodithioate"
34590-94-8,"2-Propanol, 1-(2-methoxypropoxy)- ; Dipropylene Glycol Methyl Ether "
20859-73-8,aluminium phosphide
75-07-0,Acetaldehyde
65907-30-4,"2,3-dihydro-2,2-dimethyl-7-benzofuryl 2,4-dimethyl-6-oxa-5-oxo-3-thia-2,4-diazadecanoate"
593-60-2,bromoethylene
104-94-9,p-Anisidine
95-13-6,indene
78-84-2,Isobutyraldehyde
1320-37-2,Dichlorotetrafluoroethane
6159-44-0,Uranyl acetate dihydrate 
10311-84-9,"2-chloro-1-phthalimidoethyl O,O-diethyl phosphorodithioate"
106-92-3,"1-Allyloxy-2,3-epoxypropane"
9036-19-5,Poly(oxyethylene) octylphenyl ether
16872-11-0,"Borate(1-), tetrafluoro-, hydrogen"
618-85-9,"3,5-Dinitrotoluene"
62-50-0,ethyl methanesulphonate
10112-91-1,Dimercury dichloride
3761-53-3,"disodium 1-(2,4-dimethylphenylazo)-2-hydroxynaphthalene-3,6-disulphonate"
75-08-1,Ethanethiol
100-21-0,Terephthalic Acid
6459-94-5,"disodium 8-((3,3'-dimethyl-4'-(4-(4-methylphenylsulphonyloxy)phenylazo)(1,1'-biphenyl)-4-yl)azo)-7-hydroxynaphthalene-1,3-disulphonate"
53558-25-1,1-(4-nitrophenyl)-3-(3-pyridylmethyl)urea
105-60-2,epsilon-caprolactam
118-75-2,"2,3,5,6-Tetrachloro-p-benzoquinone"
627-13-4,propyl nitrate
10103-61-4,"arsenic acid, copper salt"
7488-55-3,tin sulphate
160430-64-8,N1-[(6-Chloro-3-pyridyl)methyl]-N2-cyano-N1-methylacetamidine
1310-32-3,iron selenide
88-89-1,Picric acid
5827-05-4,"S-(ethylsulfinyl)methyl O,O-di(isopropyl) dithiophosphate"
85-68-7,n-Butyl benzyl phthalate
470-90-6,"2-Chloro-1-(2,4-dichlorophenyl)vinyl diethyl phosphate; Chlorfenvinphos; CVP"
78-92-2,Butan-2-ol
63-25-2,Carbaryl
3761-41-9,"O,O-dimethyl O-[3-methyl-4-(methylsulfinyl)phenyl] thiophosphate"
26248-24-8,Sodium tridecylbenzenesulphonate (C13)
553-26-4,"4,4'-Bipyridyl"
7439-96-5,Manganese
7782-49-2,Selenium
12510-42-8,Erionite
2346-99-8,"Methylcyclohexyl-4-chlorophenylthiophosphate
"
131-52-2,Sodium Pentachlorophenate
1322-98-1,Sodium decylbenzenesulfonate (C10)
10034-85-2,hydrogen iodide
21908-53-2,Mercury monoxide
12001-28-4,Crocidolite
543-21-5,2-Butynediamide
14283-07-9,"lithium tetrafluoroborate, anhydrous"
2210-79-9,"2,3-epoxypropyl o-tolyl ether"
1341-49-7,Ammonium hydrogendifluoride   ((NH4)(HF2))
156-59-2,"cis-1,2-Dichloroethylene"
74-96-4,"Ethane, bromo-"
66-81-9,cicloheximide
66952-49-6,Methasulfocarb 
23103-98-2,pirimicarb
615-53-2,ethyl methylnitrosocarbamate
13327-32-7,Beryllium hydroxide
8048-12-2,Alkanolamine salts of the ethanol and isopropanol series
4782-29-0,[(Phthaloylbis(oxy)]bis(tributylstannane)
61789-80-8,Bis(hydrogenated tallow)dimethylammonium chloride
52315-07-8,"alpha-Cyano-3-phenoxybenzyl 3-(2,2-dichlorovinyl)-2,2-dimethylcyclopropanecarboxylate; Cypermethrin"
106-88-7,"Butane, 1,2-epoxy-"
17125-80-3,barium hexafluorosilicate
102-82-9,Tributan-1-ylamine
7789-19-7,copper difluoride
7440-43-9,Cadmium
61931-75-7,Ammonium undecylbenzenesulfonate (C11)
505-60-2,"Ethane, 1,1'-thiobis[2-chloro-"
76-12-0,"tetrachloro-1,2-difluoroethane"
7439-95-4,Magnesium
111-77-3,2-(2-methoxyethoxy)ethanol
17090-79-8,monensin
7757-79-1,Potassium nitrate
111-65-9,Octane
87-68-3,"Butadiene, hexachloro-"
50926-11-9,Indium tin oxide 
131-11-3,Dimethylphthalate
7782-50-5,Chlorine
106-42-3,p-Xylene
96-12-8,Dibromochloropropane
80060-09-9,"1-tert-Butyl-3-(2,6-diisopropyl-4-phenoxyphenyl)thiourea; Diafenthiuron"
120068-37-3,"5-Amino-1-[2,6-dichloro-4-(trifluoromethyl)phenyl]-3-cyano-4-[(trifluoromethyl)sulfinyl]pyrazole; Fipronil"
10102-18-8,sodium selenite
627-44-1,diethylmercury
1600-27-7,Mercury diacetate
75-47-8,iodoform
111-15-9,2-Ethoxyethyl acetate; Ethylene glycol monoethyl ether acetate
540-59-0,"1,2-Dichloroethylene"
1303-39-5,zinc arsenate
107-20-0,chloroacetaldehyde
ID810,Rock wool
7773-06-0,Ammonium sulphamate
49561-89-9,"1,2,5-Trithiepin-3,4,6,7-tetracarbonitrile"
76-44-8,heptachlor
16090-02-1,"Disodium 2,2'-vinylenebis[5-(4-morpholino-6-anilino-1,3,5-triazin-2-ylamino)benzenesulfonate]; C.I. Fluorescent 260"
1314-13-2,Zinc oxide
2593-15-9,"5-ethoxy-3-trichloromethyl-1,2,4-thiadiazole"
98-07-7,"Benzene, (trichloromethyl)-"
77-78-1,Dimethyl sulfate
7778-74-7,potassium perchlorate
556-52-5,"2,3-epoxypropan-1-ol"
8022-00-2,Demeton-methyl
64047-88-7,"Sodium 2,4-dichloro-6-nitrophenolate"
632-99-5,"(4-(4-aminophenyl)(4-iminocyclohexa-2,5-dienylidene)methyl)-2-methylaniline hydrochloride"
123-19-3,heptan-4-one
1306-23-6,Cadmium sulphide
7789-30-2,bromine pentafluoride
1563-66-2,Carbofuran
9004-70-0,"Cellulose, nitrate"
1803-12-9,"Triphenyltin N,N'-dimethyldithiocarbamate"
594-42-3,"Methanesulfenyl chloride, trichloro-"
106-94-5,1-bromopropane
126-98-7,"2-Propenenitrile, 2-methyl-"
25639-42-3,methylcyclohexanol
626-17-5,Isophthalonitrile
7783-06-4,Hydrogen sulfide
1314-87-0,Lead sulfide
13138-45-9,Nickel dinitrate
106-44-5,p-Cresol
50854-94-9,Undecylbenzenesulfonic acid (C11)
7705-08-0,Iron trichloride
17702-41-9,decaborane(14)
124-40-3,Dimethylamine
27176-87-0,Dodecylbenzenesulphonic acid (C12)
1194-65-6,"2,6-dichlorobenzonitrile"
25167-80-0,chlorophenol
13494-80-9,tellurium
141-79-7,"3-Penten-2-one, 4-methyl-   (Mesityl oxide)"
2631-37-0,promecarb
108-10-1,Methyl isobutyl ketone
142-64-3,piperazine dihydrochloride
41814-78-2,"5-methyl-1,2,4-triazolo[3,4-b]benzo-1,3-thiazole"
33089-61-1,"3-methyl-1,5-di(2,4-xylyl)-1,3,5-triazapenta-1,4-diene"
630-08-0,Carbon monoxide
55721-31-8,Salinomycin 1-sodium salt
3165-93-3,4-chloro-o-toluidinium chloride
610-39-9,"3,4-Dinitrotoluene"
79983-71-4,"2-(2,4-dichlorophenyl)-1-(1H-1,2,4-triazol-1-yl)-2-hexanol"
21041-95-2,Cadmium hydroxide
13464-38-5,trisodium arsenate
64440-88-6,"N,N'-ethylenebis(thiocarbamoylthiozinc) bis(N,N-dimethyldithiocarbamate)"
10099-76-0,lead(2+) silicate
4016-14-2,"2,3-epoxypropyl isopropyl ether"
13516-27-3,"1,1'-[Iminodi(octamethylene)]diguanidine; Iminoctadine"
7775-27-1,Disodium peroxydisulfate
76-14-2,"Ethane, 1,2-dichlorotetrafluoro-"
75-43-4,dichlorofluoromethane
7085-85-0,"2-Propenoic acid, 2-cyano-, ethyl ester"
109-99-9,Tetrahydrofuran
75-86-5,"Propanenitrile, 2-hydroxy-2-methyl-"
7803-49-8,hydroxylamine
13826-83-0,ammonium tetrafluoroborate
66332-96-5,Flutolanil
67-66-3,Chloroform
131-89-5,dinex
542-83-6,cadmium cyanide
1330-78-5,Tritolyl phosphate
12001-29-5,Chrysotile asbestos
140-56-7,Fenaminosulf
80-05-7,"4,4'-Isopropylidenediphenol; Bisphenol A"
28348-61-0,Sodium tetradecylbenzenesulphonate (C14)
87-61-6,"1,2,3-trichlorobenzene"
7705-07-9,titanium trichloride
3942-54-9,2-chlorophenyl methylcarbamate
382-21-8,Perfluoroisobutylene
7789-06-2,Strontium chromate
132-27-4,"Sodium 1,1'-biphenyl-2-olate"
119-12-0,"O,O-diethyl O-(1,6-dihydro-6-oxo-1-phenylpyridazin-3-yl) thiophosphate"
6423-43-4,"1,2-Propanediol, dinitrate"
108-31-6,Maleic anhydride
100-01-6,"Aniline, 4-nitro-"
2425-10-7,"3,4-xylyl methylcarbamate"
271-89-6,benzofuran
73250-68-7,2-(2-benzothiazolyloxy)-N-methylacetanilide
3333-52-6,Tetramethyl succinonitrile
563-68-8,thallium acetate
79538-32-2,"2,3,5,6-Tetrafluoro-4-methylbenzyl (Z)-3-(2-chloro-3,3,3-trifluoro-1-propenyl)-2,2-dimethylcyclopropanecarboxylate; Tefluthrin"
8008-20-6,Kerosine petroleum
541-85-5,5-methylheptan-3-one
71048-99-2,4-[(Hydroxy)(methyl)phosphinyl]-L-Abu-L-Ala-L-Ala-ONa
5349-28-0,Thiocyanatoacetic acid ethyl ester
7447-39-4,Copper dichloride
79-34-5,"Ethane, 1,1,2,2-tetrachloro-"
79622-59-6,"3-chloro-N-(3-chloro-5-trifluoromethyl-2-pyridyl)-alpha,alpha,alpha-trifluoro-2,6-dinitro-p-toluidine"
98-54-4,4-tert-Butylphenol
57-74-9,"chlordane , pur"
23135-22-0,"N',N'-dimethylcarbamoyl(methylthio)methylenamine N-methylcarbamate"
95-73-8,"2,4-Dichlorotoluene"
57-57-8,propiolactone
123-30-8,p-Aminophenol
120-80-9,Pyrocatechol
7664-93-9,Sulfuric acid
113378-31-7,Semduramicin
2674-91-1,"S-(2-ethylsulphinyl-1-methylethyl)-O,O-dimethyl phosphorothioate"
121-82-4,"1,3,5-Triazine, hexahydro-1,3,5-trinitro-"
4979-32-2,"N,N-Dicyclohexan-1-yl(1,3-benzothiazol-2-ylsulfanyl)amine"
22248-79-9,"(Z)-2-chloro-1-(2,4,5-trichlorophenyl)vinyl dimethyl phosphate"
26087-47-8,"S-benzyl O,O-diisopropyl phosphorothioate"
11097-69-1,PCB 1254; polychlorobiphenyl; Chlorodiphenyl (42% chlorine)
75-09-2,Dichloromethane; Methylene dichloride
12604-58-9,Ferrovanadium dust
8012-95-1,"Distillates (petroleum), solvent-refined heavy paraffinic; Distillates (petroleum), solvent-refined light naphthenic; Lubricating oils (petroleum), C15-30, hydrotreated neutral oil-based; Lubricating oils (petroleum), C20-50, hydrotreated neutral oil-based; Petroleum; Paraffin oils"
13171-21-6,phosphamidon
105779-78-0,"5-Chloro-N-{2-[4-(2-ethoxyethyl)-2,3-dimethylphenoxy]ethyl}-6-ethylpyrimidine-4-amine; Pylimidifen"
7681-65-4,copper iodide
82657-04-3,"2-Methyl-1,1'-biphenyl-3-ylmethyl (Z)-3-(2-chloro-3,3,3-trifluoro-1-propenyl)-2,2-dimethylcyclopropanecarboxylate; Bifenthrin"
75-74-1,Tetramethyllead
114-26-1,2-isopropyloxyphenyl N-methylcarbamate
6454-35-9,"(E)-5,5,12,12-Tetrabutyl-7,10-dioxo-6,11-dioxa-5,12-distannahexadec-8-ene"
98-95-3,Nitrobenzene
100-97-0,"1,3,5,7-Tetraazatricyclo[3.3.1.13.7]decane; Hexamethylenetetramine"
97-77-8,Disulfiram
77-09-8,"3,3-Bis(4-hydroxyphenyl)isobenzofuran-1(3H)-one"
67-72-1,"Ethane, hexachloro-"
2279-76-7,Tri-n-propyltin
2310-17-0,"O,O-Diethyl S-(6-chloro-2,3-dihydro-2-oxobenzoxazolinyl)methyl phosphorodithioate; Phosalone"
95-49-8,o-Chlorotoluene
71561-11-0,"2-[4-(2,4-dichlorobenzoyl)-1,3-dimethyl-5-pyrazolyloxy]acetophenone"
1129-41-5,m-tolyl methylcarbamate
563-47-3,3-Chloro-2-methylprop-1-ene
123-92-2,isopentyl acetate
110-43-0,2-Heptanone
102851-06-9,"alpha-cyano-3-phenoxybenzyl N-(2-chloro-alpha,alpha,alpha-trifluoro-p-tolyl)-D-valinate"
6923-22-4,monocrotophos
1319-77-3,Cresol
7782-41-4,Fluorine
77-47-4,Hexachlorocyclopentadiene
143-33-9,Sodium cyanide
17420-30-3,2-Amino-5-nitrobenzonitrile
10453-86-8,"(5-Benzyl-3-furyl)methyl 2,2-dimethyl-3-(2-methylprop-1-en-1-yl)cyclopropanecarboxylate"
10101-63-0,Lead diiodide
71-23-8,1-Propanol
298-81-7,"9-Methoxy-7H-furo[3,2-g][1]benzopyran-7-one; Methoxsalen"
513-77-9,Barium carbonate
111988-49-9,thiacloprid
628-96-6,"1,2-Ethanediol, dinitrate"
75-71-8,"Methane, dichlorodifluoro-"
60-34-4,methylhydrazine
10294-26-5,disilver(1+) sulphate
513-78-0,Cadmium carbonate
23414-72-4,zinc permanganate
2597-03-7,Ethyl 2-[(dimethoxyphosphinothioyl)thio]-2-phenylacetate; Phenthoate; PAP
151-21-3,Sodium dodecan-1-yl sulfate
17068-86-9,calcium hexafluoroarsenate
12013-69-3,dicalcium lead tetraoxide
10380-28-6,bis(8-quinolinolato)copper
89269-64-7,"(Z)-2'-methylacetophenone 4,6-dimethyl-2-pyrimidinylhydrazone"
105-16-8,2-(Diethylamino)ethyl methacrylate
6484-52-2,Ammonium nitrate
333-41-5,Diazinon
68-12-2,"N,N-Dimethylformamide"
99-99-0,4-Nitrotoluene
7440-38-2,Arsenic
86-50-0,"O,O-dimethyl-4-oxobenzotriazin-3-ylmethyl phosphorodithioate"
82-68-8,Pentachloronitrobenzene
144-62-7,Oxalic acid
75-56-9,"1,2-Epoxypropane; Propylene oxide"
1335-31-5,dimercury dicyanide oxide
35597-43-4,4-(hydroxymethylphosphinyl)-L-2-aminobutanoyl-L-alanyl-L-alanine
509-14-8,tetranitromethane
18809-57-9,4-(Ethylthio)phenyl N-methylcarbamate
55512-33-9,O-6-Chloro-3-phenyl-4-pyridazinyl S-n-octyl thiocarbonate; Pyridate
78-30-8,Tris(o-cresyl) phosphate
102-06-7,"1,3-diphenylguanidine"
611-19-8,1-Chloro-2-(chloromethyl)benzene
494-52-0,anabasine
10361-37-2,Barium chloride
1910-42-5,"1,1-Dimethyl-4,4-bipyridinium dichloride"
10022-31-8,Barium nitrate
7803-57-8,Hydrazine hydrate
602-87-9,"1,2-dihydro-5-nitroacenaphthylene"
821-10-3,"1,4-dichlorobut-2-yne"
510-15-6,Chlorobenzilate
20837-86-9,Lead cyanamidate
13593-03-8,"O,O-Diethyl O-2-quinoxalinyl phosphorothioate; Quinalphos"
674-82-8,4-Methylideneoxetan-2-one
68-11-1,Mercaptoacetic acid
93-76-5,"2,4,5-T"
631-60-7,dimercury di(acetate)
61788-33-8,Polychlorinated terphenyls
7778-43-0,disodium hydrogenarsenate
1303-86-2,Diboron trioxide
13463-40-6,Iron carbonyl
108-24-7,Acetic anhydride
330-54-1,Diuron
50-29-3,D.D.T.
110-83-8,Cyclohexene
110-80-5,Ethylene glycol monoethyl ether
2867-47-2,2-(Dimethylamino)ethyl methacrylate
81-81-2,Warfarin
14708-13-5,magnesium tetrafluoroborate(1-)
7785-23-1,silver bromide
102-54-5,ferrocene
74-99-7,1-Propyne
25323-30-2,Dichloroethylene
106-95-6,3-Bromo-1-propene; Allyl bromide
1313-99-1,Nickel monoxide
1330-43-4,"Disodium tetraborate, anhydrous"
2528-36-1,Di-Butyl phenyl phosphate
79-43-6,dichloroacetic acid
14486-20-5,antimony(3+) tetrafluoroborate(1-)
111-84-2,Nonane
84-74-2,Di-n-butyl phthalate
111-87-5,1-Octanol
107-41-5,"2,4-Pentanediol, 2-methyl-"
115-86-6,Triphenyl Phosphate
122-39-4,Diphenylamine
131-72-6,"Mixture of 2,4-dinitro-6-octylphenyl crotonate and 2,6-dinitro-4-octylphenyl crotonate (octyl=1-methylheptyl,1-ethylhexyl,1-propylpentyl); Dinocap; DPC"
2439-01-2,"6-methyl-1,3-dithiolo[4,5-b]quinoxalin-2-one"
21087-64-9,Metribuzin
12002-03-8,copper acetoarsenite
4162-45-2,"2,2'-{Isopropylidenebis[(2,6-dibromo-4,1-phenylene)oxy]}diethanol"
55285-14-8,"2,3-Dihydro-2,2-dimethyl-7-benzo[b]furyl N-(dibutylamino)thio-N-methylcarbamate; Carbosulfan"
109-66-0,Pentane
1314-41-6,Lead tetraoxide
55-63-0,Nitroglycerin
88678-67-5,O-3-tert-butylphenyl N-(6-methoxy-2-pyridyl)-N-methylthiocarbamate
950-37-8,"S-(2,3-Dihydro-5-methoxy-2-oxo-1,3,4-thiadiazol-3-yl)methyl O,O-dimethyl phosphorodithioate; Methidathion; DMTP"
121-45-9,Trimethyl phosphite
18972-56-0,manganese borofluoride hexahydrate
28434-86-8,"3,3'-Dichloro-4,4'-diaminodiphenyl ether"
594-27-4,Tetramethyltin
122-14-5,Fenitrothion
15829-53-5,''mercurous oxide''
97-93-8,"Aluminium, triethyl-"
64741-97-5,"Distillates (petroleum), solvent-refined heavy paraffinic; Distillates (petroleum), solvent-refined light naphthenic; Lubricating oils (petroleum), C15-30, hydrotreated neutral oil-based; Lubricating oils (petroleum), C20-50, hydrotreated neutral oil-based; Petroleum; Paraffin oils"
82560-54-1,"ethyl N-[2,3-dihydro-2,2-dimethylbenzofuran-7-yloxycarbonyl(methyl)aminothio]-N-isopropyl-beta-alaninate"
7789-47-1,Mercury dibromide
7647-18-9,antimony pentachloride
108-46-3,"1,3-Benzenediol"
7758-89-6,Copper monochloride
69327-76-0,"2-tert-Butylimino-3-isopropyl-5-phenyltetrahydro-4H-1,3,5-thiadiazin-4-one; buprofezin"
75-63-8,"Methane, bromotrifluoro-"
74-93-1,Methanethiol
626-38-0,1-methylbutyl acetate
106-87-6,7-oxa-3-oxiranylbicyclo[4.1.0]heptane
7761-88-8,Silver nitrate
139-65-1,"4,4'-thiodianiline"
98-88-4,Benzoyl chloride
13463-67-7,Titanium dioxide
123-51-3,3-Methylbutan-1-ol
10222-01-2,"2,2-Dibromo-2-cyanoacetamide"
485-31-4,binapacryl
7664-38-2,Phosphoric acid
74-89-5,Methanamine
7580-67-8,lithium hydride
124-04-9,Adipic acid
542-92-7,"1,3-Cyclopentadiene"
80844-07-1,2-(4-ethoxyphenyl)-2-methylpropyl 3-phenoxybenzyl ether
79-24-3,"Ethane, nitro-"
1918-02-1,"2-Pyridinecarboxylic acid, 4-amino-3,5,6-trichloro-"
109-60-4,Propyl acetate
29935-35-1,lithium hexafluoroarsenate
79-27-6,"1,1,2,2-tetrabromoethane"
7631-90-5,Monosodium sulfite
83-26-1,pindone
7727-54-0,Diammonium peroxydisulfate
26471-62-5,"Methyl-1,3-phenylene diisocyanate; m-Tolylene diisocyanate"
1302-74-5,Emery
814-94-8,tin(II) oxalate
75-38-7,"Ethene, 1,1-difluoro-"
93-15-2,"4-Allyl-1,2-dimethoxybenzene"
1024-57-3,heptachlor epoxide
14258-49-2,ammonium hydrogen oxalate
99-09-2,m-Nitroaniline
83121-18-0,"1-(3,5-dichloro-2,4-difluorophenyl)-3-(2,6-difluorobenzoyl)urea"
91-14-5,o-Divinylbenzene
74-87-3,Chloromethane; Methyl chloride
127-19-5,"Acetamide, N,N-dimethyl-"
20816-12-0,osmium tetraoxide
92-52-4,Biphenyl
79-44-7,Dimethyl carbamyl chloride
75-34-3,"Ethane, 1,1-dichloro-"
8065-48-3,Demeton (mixed isomers)
1303-32-8,arsenic disulfide 
107-06-2,"1,2-Dichloroethane"
7783-99-5,silver nitrite
36614-38-7,isothioate
111-42-2,"2,2'-Iminodiethanol"
7784-38-5,manganese hydrogenarsenate
95-70-5,"1,4-Benzenediamine, 2-methyl-"
89-61-2,"1,4-Dichloro-2-nitrobenzene"
639-58-7,triphenyltin chloride
2631-40-5,2-Isopropylphenyl N-methylcarbamate; Isoprocarb; MIPC
13067-93-1,cyanofenphos
115-28-6,"Bicyclo[2.2.1]hept-5-ene-2,3-dicarboxylic acid, 1,4,5,6,7,7-hexachloro-"
39185-89-2,"1,1,2,2-Tetrachloro-1-nitroethane"
5470-11-1,hydroxylammonium chloride
1314-60-9,Diantimony pentoxide
ID820,Petroleum naphtha
613-35-4,"N,N'-[1,1'-biphenyl]-4,4'-diylbisacetamide"
25155-30-0,Sodium dodecylbenzenesulphonate (C12)
100-41-4,Ethylbenzene
72-20-8,endrin
1306-19-0,Cadmium oxide
ID819,petroleum ether
10028-15-6,ozone
506-64-9,Silver cyanide
1615-80-1,"1,2-diethylhydrazine"
28300-74-5,"Antimonate(2-), bis[mu-[2,3-di(hydroxy-kappaO)butanedioato(4-)-kappaO1:kappaO4]]di-, dipotassium, trihydrate, stereoisomer"
7786-81-4,Nickel sulphate
7722-88-5,Tetrasodium pyrophosphate
ID384,Chlorotrifluoroethane
2837-89-0,"2-Chloro-1,1,1,2-tetrafluoroethane; HCFC-124"
7440-50-8,Copper
107-15-3,Ethylenediamine
2234-13-1,octachloronaphthalene
557-04-0,Magnesium stearate
106-97-8,Butane
7440-02-0,Nickel
14194-07-1,titanium oxalate (2:3)
76-22-2,bornan-2-one
557-42-6,zinc thiocyanate
111-76-2,"Ethanol, 2-butoxy-"
409-21-2,Silicon carbide
126-85-2,Nitrogen mustard N-oxide
109-59-1,"Ethanol, 2-(1-methylethoxy)-"
95-82-9,"2,5-dichloroaniline"
118-96-7,"Benzene, 2-methyl-1,3,5-trinitro-"
1335-87-1,hexachloronaphthalene
684-16-2,hexafluoroacetone
594-72-9,"1,1-dichloro-1-nitroethane"
14275-57-1,"(Z)-5,5,12,12-Tetrabutyl-7,10-dioxo-6,11-dioxa-5,12-distannahexadec-8-ene"
123-42-2,Diacetone alcohol
10108-64-2,Cadmium chloride
3281-96-7,"3,5-Dibromo-4'-nitroazobenzen-4-ol"
98886-44-3,fosthiazate
592-01-8,calcium cyanide
13927-77-0,nickel bis(dibutyldithiocarbamate)
105-46-4,sec-butyl acetate
133-06-2,"1,2,3,6-tetrahydro-N-(trichloromethylthio)phthalimide"
8001-58-9,Creosote
124-48-1,Dibromochloromethane
100-02-7,p-Nnitrophenol
138-22-7,butyl lactate
96-22-0,3-Pentanone
67747-09-5,"N-propyl-N-[2-(2,4,6-trichlorophenoxy)ethyl]imidazole-1-carboxamide"
21609-90-5,"O-4-Bromo-2,5-dichlorophenyl O-methyl phenylphosphorothioate"
137-26-8,Thiram
624-83-9,"Methane, isocyanato-"
611-06-3,"2,4-Dichloro-1-nitrobenzene"
1338-23-4,"2-Butanone, peroxide"
26915-12-8,toluidine
10102-45-1,Thallium nitrate
1304-29-6,barium peroxide
7727-21-1,Dipotassium peroxodisulphate
101-68-8,"Diphenylmethane diisocyanate   (4,4'-M.D.I.)"
3811-04-9,Potassium chlorate
7783-07-5,Dihydrogen selenide
2223-93-0,"cadmium distearate, pure"
91-97-4,"4,4'-Diisocyanato-3,3'-dimethylbiphenyl"
124-09-4,Hexamethylenediamine
1072-35-1,Lead distearate
1305-62-0,Calcium dihydroxide
33439-45-1,"3-(3-chloro-4-(chlorodifluoromethyl)thiophenyl)-1,1-dimethylurea"
91-94-1,"3,3'-Dichlorobenzidine"
23950-58-5,"3,5-dichloro-N-(1,1-dimethyl-2-propynyl)benzamide"
ID1413,Triphenyltin fatty acid ester (alkyl C=9-11)
10034-96-5,Manganese sulphate monohydrate
66-32-0,strychnidin-10-one mononitrate
27636-75-5,Sodium undecylbenzenesulfonate (C11)
107-13-1,Acrylonitrile
13194-48-4,ethoprophos
108-95-2,Phenol
13356-08-6,hexakis(2-methyl-2-phenylpropyl)distannoxane
55837-20-2,Halofuginone
129-15-7,2-methyl-1-nitroanthraquinone
688-84-6,2-Ethylhexyl methacrylate
598-63-0,lead carbonate
79-09-4,Propionic acid
16893-85-9,"Silicate(2-), hexafluoro-, disodium"
17796-82-6,N-(Cyclohexan-1-ylsulfanyl)phthalimide
25319-90-8,S-Ethyl 2-(4-chloro-2-methylphenoxy)thioacetate; Phenothiol; MCPA-thioethyl
78-10-4,"Silicic acid, (H4SiO4), tetraethyl ester"
95-54-5,o-Phenylenediamine
96-45-7,Ethylene Thiourea
17194-00-2,Barium hydroxide
94-75-7,"2,4-Dichlorophenoxyacetic acid"
15263-53-3,Cartap
27152-57-4,tricalcium diarsenite
1308-14-1,Chromium (III) hydroxide
6449-00-9,Dichromium tricarbonate
25013-15-4,"Styrene, methyl-"
6423-72-9,"Methanearsonic acid, calcium salt"
7789-42-6,cadmium bromide
7446-20-0,"Sulfuric acid, zinc salt (1:1), heptahydrate"
59-89-2,N-Nitrosomorpholine
63020-43-9,Potassium zinc chromat
74-83-9,Bromomethane; Methyl bromide
62-44-2,4'-Ethoxyacetanilide; Phenacetin
10102-43-9,Nitrogen monoxide
123-86-4,Butyl acetate
109-89-7,Diethylamine
80-15-9,2-Hydroperoxy-2-phenylpropane
16721-80-5,Sodium sulfide
1333-82-0,Chromium trioxide
3792-59-4,"Phosphonothioic acid, phenyl-, O-(2,4-dichlorophenyl) O-ethyl ester"
6392-46-7,allyxycarb
75-31-0,2-Propanamine
150-76-5,"Phenol, 4-methoxy-"
5903-13-9,N-Methyl-N-(1-naphthyl)-2-fluoroacetamide
103-50-4,Dibenzyl ether
64-18-6,Formic acid
89784-60-1,pyraclofos
7790-78-5,"Cadmium chloride (CdCl2), hydrate (2:5)"
106-35-4,heptan-3-one
67375-30-8,"(S)-alpha-Cyano-3-phenoxybenzyl 3-(2,2-dichlorovinyl)-2,2-dimethyl-cis-cyclopropanecarboxylate; alpha-Cypermethrin"
1806-26-4,p-Octylphenol
19624-22-7,pentaborane(9)
10588-01-9,Sodium dichromate
115-24-2,"2,2-bis(ethylsulphonyl)propane"
64-17-5,Ethanol
563-72-4,"Ethanedioic acid, calcium salt (1:1)"
128-04-1,Sodium dimethyldithiocarbamate
1335-88-2,tetrachloronaphthalene
95-32-9,"4-(1,3-benzothiazol-2-yldisulfanyl)morpholine"
134098-61-6,"tert-Butyl 4-({[(1,3-dimethyl-5-phenoxy-4-pyrazolyl)methylidene]aminooxy}methyl)benzoate; Fenpyroximate"
109-87-5,"Methane, dimethoxy-"
51-52-5,"2,3-Dihydro-6-propyl-2-thioxo-4(1H)-pyrimidinone; Propylthiouracil"
100-63-0,phenyl hydrazine
823-40-5,2-methyl-m-phenylene diamine
78-78-4,"Butane, 2-methyl-"
8006-61-9,"Gasoline, natural"
420-04-2,Cyanamide
5970-45-6,"Zinc acetate, dihydrate"
16219-75-3,"2-Norbornene, 5-ethylidene-"
4098-71-9,"Cyclohexane, 5-isocyanato-1-(isocyanatomethyl)-1,3,3-trimethyl-"
135-19-3,2-Naphthol
10102-49-5,iron arsenate
14720-53-7,lead metaborate
31895-21-3,"N,N-Dimethyl-1,2,3-trithian-5-amine"
35996-61-3,"2-Chloro-1-(2,4-dichlorophenyl)vinylethylmethyl phosphate"
107-30-2,"Ether, chloromethyl methyl"
17014-71-0,dipotassium peroxide
12125-02-9,Ammonium chloride
13477-00-4,barium chlorate
822-06-0,Hexamethylene diisocyanate
75-52-5,"Methane, nitro-"
7440-39-3,barium
600-25-9,1-chloro-1-nitropropane
2973-10-6,diisopropyl sulphate
7446-07-3,Tellurium dioxide
134-32-7,1-Naphthylamine
8063-06-7,Curare
10031-13-7,lead arsenite
1763-23-1,Perfluoro(octane-1-sulfonic acid)
1303-96-4,Borax
7774-29-0,Mercury diiodide
86-30-6,N-Nitrosodiphenylamine
615-05-4,4-methoxy-m-phenylenediamine
869-29-4,allylidene di(acetate)
1314-62-1,Divanadium pentaoxide
1643-20-5,"N,N-Dimethyldodecylamine N-oxide"
10022-68-1,"Cadmium nitrate, tetrahydrate"
7758-19-2,Sodium chlorite
14221-47-7,triammonium trioxalatoferrate
110-12-3,"2-Hexanone, 5-methyl-"
86598-92-7,"4-chlorobenzyl N-(2,4-dichlorophenyl)-2-(1H-1,2,4-triazol-1-yl)thioacetimidate"
97-00-7,"1-Chloro-2,4-dinitrobenzene"
95-63-6,"1,2,4-Trimethylbenzene"
1694-09-3,"[4-[[4-(dimethylamino)phenyl][4-[ethyl(3-sulphonatobenzyl)amino]phenyl]methylene]cyclohexa-2,5-dien-1-ylidene](ethyl)(3-sulphonatobenzyl)ammonium, sodium salt"
1014-70-6,"2,4-bis(ethylamino)-6-methylthio-1,3,5-triazine"
107-05-1,3-Chloropropene; Allyl chloride
3383-96-8,temephos
569-61-9,"4,4'-(4-iminocyclohexa-2,5-dienylidenemethylene)dianiline hydrochloride"
7783-49-5,zinc fluoride
1309-60-0,Lead dioxide
88-73-3,"Benzene, 1-chloro-2-nitro-"
106-50-3,p-Phenylenediamine
1746-01-6,"2,3,7,8-tetrachlorodibenzo[b,e][1,4]dioxin"
110-85-0,Piperazine
16812-54-7,Nickel sulphide
85535-84-8,"Alkanes, C10-13, chloro(shortchain chlorinated paraffins)"
110-82-7,Cyclohexane
7787-49-7,Beryllium fluoride
79-04-9,Chloroacetyl chloride
112-53-8,Dodecan-1-ol
7440-58-6,hafnium
75-55-8,2-methylaziridine
13530-68-2,Chromic acid   (H2Cr2O7)
7783-46-2,lead difluoride
119-93-7,"4,4'-bi-o-toluidine"
83-32-9,Acenaphthene
3564-09-8,"disodium 3-hydroxy-4-[(2,4,5-trimethylphenyl)azo]naphthalene-2,7-disulphonate"
900-95-8,fentin acetate
13530-65-9,Zinc chromate
52570-16-8,2-(2-Naphthyloxy)propionanilide; Naproanilide
13463-39-3,Nickel carbonyl
12202-17-4,Lead oxide sulfate  (Pb4O3(SO4))
56-35-9,"Distannoxane, hexabutyl-"
299-84-3,Ronnel
28249-77-6,"S-4-chlorobenzyl N,N-diethylthiocarbamate"
7783-70-2,antimony pentafluoride
2921-88-2,Chlorpyrifos
62-74-8,sodium fluoroacetate
72623-87-1,"Distillates (petroleum), solvent-refined heavy paraffinic; Distillates (petroleum), solvent-refined light naphthenic; Lubricating oils (petroleum), C15-30, hydrotreated neutral oil-based; Lubricating oils (petroleum), C20-50, hydrotreated neutral oil-based; Petroleum; Paraffin oils"
95-51-2,o-Chloroaniline
10025-73-7,Chromium trichloride
91-23-6,"Benzene, 1-methoxy-2-nitro-"
71-55-6,"Ethane, 1,1,1-trichloro-"
95-16-9,Benzothiazole
1937-37-7,"Disodium 4-amino-3-[4'-(2,4-diaminophenylazo)-1,1'-biphenyl-4-ylazo]-5-hydroxy-6-phenylazo-2,7-naphthalenedisulfonate; C.I. Direct Black 38"
1333-74-0,Hydrogen
460-19-5,oxalonitrile
95465-99-9,cadusafos
106-91-2,"2,3-Epoxypropyl methacrylate"
12279-90-2,Tetraarsenic tetrasulfide 
75-61-6,dibromodifluoromethane
13838-16-9,enflurane
7758-95-4,Lead dichloride
309-00-2,aldrin
13765-19-0,Calcium chromate
90-12-0,1-methylnaphthalene
ID1345,Blasticiden-S-benzylaminobenzenesulfonate
14481-26-6,dipotassium titanium oxide dioxalate
ID1340,2-(3-Pyridyl)- piperidine sulfate 
110-62-3,Pentanal
74-88-4,iodomethane
1717-00-6,"1,1-Dichloro-1-fluoroethane; HCFC-141b"
7440-22-4,Silver
61-82-5,Amitrol
21564-17-0,"2-[(Thiocyanatomethyl)sulfanyl]-1,3-benzothiazole"
88-60-8,2-tert-Butyl-5-methylphenol
5124-30-1,"Methylenebis(4,1-cyclohexylene) diisocyanate"
97-88-1,n-Butyl methacrylate
85409-17-2,"Stannane, tributyl-, mono(naphthenoyloxy) derivs"
10045-94-0,mercury dinitrate
74-82-8,Methane
13457-18-6,pyrazophos
53003-10-4,salinomycin
125306-83-4,"N,N-diethyl-3-(2,4,6-trimethylphenylsulfonyl)-1H-1,2,4-triazole-1-carboxamide"
120-61-6,Dimethyl terephthalate
110-00-9,Furan
13510-89-9,diantimony trilead octaoxide
7546-30-7,dimercury dichloride
79-11-8,Chloroacetic acid
95-76-1,"3,4-Dichloroaniline"
10294-34-5,boron trichloride
626-43-7,"3,5-dichloroaniline"
85-01-8,Phenanthrene
10025-87-3,Phosphoryl trichloride
1300-73-8,Xylidine
55335-06-3,"(3,5,6-trichloro-2-pyridyl)oxyacetic acid"
16919-19-0,ammonium hexafluorosilicate
298-04-4,disulfoton
75-25-2,Tribromomethane; Bromoform
80546-49-2,"Chloric acid, cobalt(2+) salt"
3033-62-3,"Ethanamine, 2,2'-oxybis[N,N-dimethyl-"
5230-87-5,Fruit of illicium anisatum
84-66-2,Diethylphthalate
15432-85-6,sodium antimonate
76578-14-8,Ethyl 2-[4-(6-chloro-2-quinoxalinyloxy)phenoxy]propionate; Quizalofop-ethyl
7778-54-3,Calcium hypochlorite
298-00-0,"Parathion, methyl-"
84-69-5,Diisobutyl phthalate
98-87-3,"Benzene, (dichloromethyl)-"
108-38-3,m-Xylene
1307-96-6,Cobalt oxide
2636-26-2,"O-4-cyanophenyl O,O-dimethyl phosphorothioate"
75-68-3,"1-Chloro-1,1-difluoroethane; HCFC-142b"
8007-45-2,"Tar, coal"
16961-83-4,Hexafluorosilicic acid
26239-64-5,"[1R-(1alpha,4abeta,4balpha,10aalpha)]-Tributyl[[[1,2,3,4,4a,4b,5,6,10,10a-decahydro-7-isopropyl-1,4a-dimethyl-1-phenanthryl]carbonyl]oxy]stannane"
140-11-4,Benxyl acetate
353-50-4,carbonyl difluoride
26970-82-1,"Selenious acid, (H2SeO3), disodium salt, pentahydrate"
118-52-5,"2,4-Imidazolidinedione, 1,3-dichloro-5,5-dimethyl-"
ID1018,Tetraalkyllead
108-18-9,"2-Propanamine, N-(1-methylethyl)-"
7790-98-9,Ammonium perchlorate
13682-61-6,potassium tetrachloroaurate
156-43-4,p-Phenetidine
72-43-5,Methoxychlor
80-43-3,2-Phenyl-2-[(2-phenylpropan-2-yl)peroxy]propane
118-74-1,"Benzene, hexachloro-"
18984-32-2,"bis(methyldithiocarbamato-S,S')zinc"
109-73-9,1-Butanamine
8050-88-2,"Celluloid, in blocks, rods, rolls, sheets, tubes, etc. "
75-26-3,2-bromopropane
22781-23-3,bendiocarb
75-21-8,Ethylene oxide
82692-44-2,"2-[4-(2,4-Dichloro-m-toluoyl)-1,3-dimethyl-5-pyrazolyloxy]-4-methylacetophenone; Benzofenap"
1332-21-4,Asbestos
15578-26-4,ditin pyrophosphate
151-67-7,halothane
37235-82-8,dibismuth dichromium nonaoxide
818-08-6,Dibutyltin oxide
3209-22-1,"1,2-Dichloro-3-nitrobenzene"
101-84-8,Diphenyl ether
67-64-1,Acetone
7786-34-7,Mevinphos
99-76-3,Methyl 4-hydroxybenzoate
33972-75-7,iron methanearsonate
122-60-1,"2,3-Epoxypropyl phenyl ether"
11135-81-2,Sodium potassium alloys 
96489-71-3,2-tert-Butyl-5-(4-tert-butylbenzylthio)-4-chloro-3(2H)-pyridazinone; Pyridaben
7785-87-7,Manganese sulphate
144-54-7,N-methyldithiocarbamic acid
112410-23-8,"N-tert-butyl-N'-(4-ethylbenzoyl)-3,5-dimethylbenzohydrazide"
20941-65-5,"tetrakis(diethyldithiocarbamato-S,S')tellurium"
7758-99-8,"Copper(II) sulfate, pentahydrate"
10124-50-2,potassium arsonate
7783-82-6,Tungsten hexafluoride
145-73-3,endothal
3766-81-2,2-butylphenyl methylcarbamate
7787-56-6,"Beryllium sulfate, Tetrahydrate"
25068-38-6,"Polymer of 4,4'-isopropylidenediphenol and 1-chloro-2,3-epoxypropane (liquid); Bisphenol A type epoxy resin (liquid)"
25868-86-4,"Silicate(2-), hexafluoro-, manganese(2+) (1:1), hexahydrate"
10192-29-7,ammonium chlorate
7440-28-0,thallium
75-00-3,Chloroethane
6420-47-9,"2-sec-butyl-4,6-dinitrophenol, compound with 2,2',2''-nitrilotriethanol (1:1)"
75-45-6,"Methane, chlorodifluoro-"
2212-67-1,S-Ethyl hexahydro-1H-azepine-1-carbothioate; Molinate
78-83-1,"1-Propanol, 2-methyl-"
95-53-4,o-Toluidine
98-83-9,alpha-Methylstyrene
137-05-3,mecrilate
107-98-2,"2-Propanol, 1-methoxy-"
592-04-1,mercury dicyanide
25013-16-5,Butylated hydroxyanisole(BHA)
101-80-4,"4,4'-oxybisbenzenamine"
14264-31-4,disodium tri(cyano-C)cuprate(2-)
75-04-7,Ethanamine
2155-70-6,Tributyl(methacryloyloxy)stannane
74-84-0,Ethane
2104-64-5,O-Ethyl O-4-nitrophenyl phenylphosphonothioate; EPN
66230-04-4,Esfenvalerate
78-87-5,"1,2-Dichloropropane"
95-57-8,2-Chlorophenol
7440-06-4,platinum
7783-08-6,Selenic acid
108-99-6,3-Methylpyridine
3926-62-3,Sodium chloroacetate
1241-94-7,2-Ethylhexan-1-yl diphenyl phosphate
534-52-1,"4,6-Dinitro-o-cresol"
16925-25-0,sodium hexafluoroantimonate
13121-70-5,cyhexatin
591-78-6,hexan-2-one
21725-46-2,"2-(4-chloro-6-ethylamino-1,3,5-triazin-2-yl)amino-2-methylpropiononitrile"
76-20-0,"2,2-bis(ethylsulphonyl)butane"
91-08-7,"2-Methyl-1,3-phenylene diisocyanate"
1312-43-2,diindium trioxide
36335-67-8,O-Ethyl O-(6-nitro-m-tolyl) sec-butylphosphoramidothioate; Butamifos
100-69-6,2-Vinylpyridine
838-88-0,"Aniline, 4,4'-methylenebis(2-methyl)-"
137-29-1,copper bis(dimethyldithiocarbamate)
9004-82-4,Sodium alpha-dodecan-1-yl-omega-(sulfonatooxy)poly(oxyethylene)
60168-88-9,"2,4'-dichloro-alpha-(5-pyrimidinyl)benzhydryl alcohol"
7699-43-6,Zirconium dichloride oxide
156-62-7,"Cyanamide, calcium salt (1:1)"
10034-93-2,Hydrazine sulfate
3068-88-0,4-methyloxetan-2-one; (+/-)-4-methyloxetan-2-one
528-29-0,"1,2-Dinitrobenzene"
6375-47-9,3'-Amino-4'-methoxyacetanilide
121-75-5,Malathon
1313-82-2,Disodium sulfide
56-55-3,Benz[a]anthracene
51-79-6,Urethane
109-78-4,"Propiononitrile, 3-hydroxy-"
94-59-7,"5-Allyl-1,3-benzodioxole"
75-05-8,Acetonitrile
351-05-3,p-Bromo-2-fluoroacetanilide
126-73-8,Tributyl phosphate
1332-40-7,Copper oxychloride 
3861-47-0,"3,5-diiodo-4-octanoyloxybenzonitrile"
7784-41-0,potassium dihydrogenarsenate
767-10-2,1-butylpyrrolidine
764-41-0,"2-Butene, 1,4-dichloro-"
60-00-4,Ethylenediaminetetraacetic acid
11120-22-2,Lead Silicate
139-13-9,nitrilotriacetic acid
1344-28-1,Aluminium oxide
12208-13-8,potassium hexahydroxoantimonate
533-74-4,"2-Thioxo-3,5-dimethyltetrahydro-2H-1,3,5-thiadiazine; Dazomet"
17109-49-8,"O-Ethyl S,S-diphenyl phosphorodithioate; Edifenphos; EDDP"
30525-89-4,Paraformaldehyde
609-89-2,"2,4-dichloro-6-nitrophenol"
95-33-0,N-Cyclohexyl-2-benzothiazolesulfenamide
151-50-8,Potassium cyanide
12174-11-7,Palygorskite
7553-56-2,iodine
6649-23-6,"2,3,5,6-tetrahydro-6-phenyl-imidazo[2,1-b]thiazole"
13701-59-2,barium diboron tetraoxide
7681-57-4,Disodium disulphite
1303-28-2,Diarsenic pentaoxide
108-93-0,Cyclohexanol
141-43-5,2-Aminoethanol
