CASRN,Pure substance (program deduced),Variant name,Additional classifications,Lacking classifications
100-51-6,Benzenemethanol,"Benzenemethanol, >10 - 20% in a non hazardous diluent",9.2C,"6.1D (dermal), 6.1D (oral), 9.1D (crustacean), 9.1D (fish), 9.2B, 9.3C"
100-51-6,Benzenemethanol,"Benzenemethanol, >52% in a non hazardous diluent",9.1D (algal),
100-97-0,"1,3,5,7-Tetraazatricyclo[3.3.1.13,7]decane","Methenamine, >26% in a non hazardous diluent",6.8B,
10026-24-1,"Cobalt sulphate, heptahydrate","Cobalt sulphate, heptahydrate, >10 - 24% in a non hazardous diluent","6.1E (oral), 9.1B (algal), 9.1B (crustacean), 9.1B (fish), 9.3C","6.1D (oral), 9.1A (algal), 9.1A (crustacean), 9.1A (fish), 9.3B"
10034-81-8,"Perchloric acid, magnesium salt","Magnesium perchlorate, >25% in a non hazardous diluent",9.3C,6.8C
10034-96-5,"Manganese (II) sulphate, monohydrate","Manganese (II) sulphate, monohydrate, >26% in a non hazardous diluent",6.9A (inhalation),"9.1B (algal), 9.1B (crustacean), 9.1B (other)"
10035-04-8,Calcium chloride dihydrate,"Calcium chloride dihydrate, >10 - 24% in a non hazardous diluent",6.1E (oral),"6.1D (oral), 9.3C"
10039-54-0,Hydroxylamine sulphate,"Hydroxylammonium sulphate, =5 - 9%in a non hazardous diluent","6.9B (oral), 9.1B (algal), 9.1B (crustacean), 9.1B (fish)","6.1D (oral), 6.9A (oral), 9.1A (algal), 9.1A (crustacean), 9.1A (fish)"
10039-54-0,Hydroxylamine sulphate,"Hydroxylammonium sulphate, >10 - 24% in a non hazardous diluent","6.1E (oral), 9.1B (algal), 9.1B (crustacean), 9.1B (fish)","6.1D (oral), 9.1A (algal), 9.1A (crustacean), 9.1A (fish)"
10039-54-0,Hydroxylamine sulphate,"Hydroxylammonium sulphate, >26% in a non hazardous diluent",9.3B,
10045-94-0,Mercury (II) nitrate,"Mercury (II) nitrate, >10 - 25% in a non hazardous diluent","6.9B (dermal), 6.9B (inhalation), 6.9B (oral)","6.1B (dermal), 6.1B (inhalation), 6.9A (dermal), 6.9A (inhalation), 6.9A (oral), 9.1D (algal), 9.1D (crustacean), 9.1D (fish)"
10060-12-5,"Chromium (III) chloride, hexahydrate","Chromium (III) chloride, hexahydrate, >10 - 24% in a non hazardous diluent",6.1E (oral),"6.1D (dermal), 6.1D (oral), 9.3C"
10099-74-8,"Nitric acid, lead(2+) salt","Lead nitrate, 5 - 10% in a non hazardous diluent","6.1D (oral), 6.9B (dermal), 6.9B (inhalation), 9.3C","6.1C (oral), 6.1D (inhalation), 6.3B, 6.4A, 6.8C, 6.9A (inhalation), 9.3B"
101-68-8,"Methylene, 4,4'-diphenyl diisocyanate-","Methylene diphenyl diisocyanate, >10% in a non hazardous diluent","6.1B (oral), 9.3A","6.1B (inhalation), 6.1E (oral)"
101-77-9,"4,4'-Methylene dianiline","4,4'-Diaminodiphenylmethane, >26% in a non hazardous diluent","9.1B (algal), 9.1B (fish)","6.1C (dermal), 6.1C (oral), 6.4A, 6.6B, 6.9B (inhalation), 6.9B (oral), 9.1C (algal), 9.1C (fish), 9.3B"
101-77-9,"4,4'-Methylene dianiline","4,4'-Methylene dianiline, >10 - 25% in a non hazardous diluent","6.1D (dermal), 6.1D (oral), 9.3C","6.1C (dermal), 6.1C (oral), 9.1C (algal), 9.1C (fish), 9.3B"
101-84-8,Diphenyl oxide,"Diphenyl oxide, >3 - 9% in a non hazardous diluent","9.1B (crustacean), 9.1C (fish)","6.1E (oral), 6.3B, 6.4A, 9.1A (crustacean), 9.1B (fish)"
10101-68-5,"Manganese (II) sulphate, tetrahydrate","Manganese (II) sulphate, tetrahydrate, >10 - 25% in a non hazardous diluent","9.1C (algal), 9.1C (crustacean), 9.1C (fish)","9.1B (algal), 9.1B (crustacean), 9.1B (fish)"
10101-97-0,"Nickel (II) sulphate, hexahydrate","Nickel (II) sulphate, hexahydrate, >10 - 24% in a non hazardous diluent","6.1E (oral), 9.1B (algal), 9.1B (crustacean), 9.1B (fish)","6.1D (oral), 9.1A (algal), 9.1A (crustacean), 9.1A (fish), 9.3C"
10124-43-3,Cobalt (II) sulphate,"Cobalt (II) sulphate, >10 - 24% in a non hazardous diluent","6.1E (oral), 9.1B (algal), 9.1B (crustacean), 9.1B (fish), 9.3C","6.1D (oral), 9.1A (algal), 9.1A (crustacean), 9.1A (fish), 9.3B"
10196-18-6,"Zinc nitrate, hexahydrate","Zinc nitrate, hexahydrate, >25% in a non hazardous diluent",9.1A (other),"9.1A (algal), 9.1A (crustacean), 9.1A (fish)"
103-41-3,Benzyl cinnamate,"Benzyl cinnamate, >3 - 25% in a non hazardous diluent","9.1C (algal), 9.1C (crustacean), 9.1C (fish)","9.1B (algal), 9.1B (crustacean), 9.1B (fish)"
103-72-0,Phenyl isothiocyanate,"Phenyl isothiocyanate, >5 - 32% in a non hazardous diluent","6.1D (dermal), 9.3C","6.1C (dermal), 9.3B"
10326-27-9,"Barium chloride, dihydrate","Barium chloride, dihydrate, >5 - 33% in a non hazardous diluent","6.1D (oral), 9.3C","6.1C (oral), 9.3B"
10361-37-2,Barium chloride,"Barium chloride, >5 - 32% in a non hazardous diluent","6.1D (inhalation), 9.3C","6.1C (inhalation), 9.3B"
10421-48-4,"Nitric acid, iron(3+) salt","Iron (III) nitrate, >25% in a non hazardous diluent",9.3C,
10486-00-7,"Sodium perborate, tetrahydrate","Sodium perborate, tetrahydrate, >25% in a non hazardous diluent",9.3C,
105-13-5,4-Methoxybenzyl alcohol,"4-Methoxybenzyl alcohol, >1 - 2% in a non hazardous diluent",6.4A,"6.1D (oral), 8.3A, 9.3C"
105-60-2,Caprolactam,"Caprolactam, >1 - 9% in a non hazardous diluent",6.3B,"6.1D (inhalation), 6.1D (oral), 6.3A, 6.4A, 9.3C"
10588-01-9,"Chromic acid, disodium salt","Sodium dichromate, >25 - 62% in a non hazardous diluent","6.1B (inhalation), 9.3B","6.1A (inhalation), 6.1B (oral), 6.1C (dermal), 6.9A (oral), 9.3A"
10588-01-9,"Chromic acid, disodium salt","Sodium dichromate, >62% in a non hazardous diluent",9.3B,"6.1B (oral), 6.1C (dermal), 6.9A (oral), 9.3A"
10588-01-9,"Chromic acid, disodium salt","Sodium dichromate, >7 - 25% in a non hazardous diluent","6.1B (inhalation), 9.2C, 9.3C","6.1A (inhalation), 6.1B (oral), 6.1C (dermal), 6.9A (oral), 9.2B, 9.3A"
106-21-8,Tetrahydrogeraniol,"Tetrahydrogeraniol, >3 - 9% in a non hazardous diluent","6.3B, 9.1C (algal)","6.1E (dermal), 6.3A, 9.1B (algal), 9.1B (crustacean), 9.1D (fish)"
106-22-9,Citronellol,"Citronellol, >3 - 9% in a non hazardous diluent","6.3B, 9.1C (algal), 9.1C (crustacean), 9.1C (fish)","3.1D, 6.3A, 9.1B (algal), 9.1B (crustacean), 9.1B (fish)"
107-15-3,Ethylenediamine,"Ethylenediamine, >25% in a non hazardous diluent","6.1C (oral), 9.3C","6.1D (oral), 9.1D (algal), 9.1D (crustacean), 9.3B"
107-21-1,"1,2-Ethanediol (ethylene glycol)","Ethylene glycol, >1 - 10% in a non hazardous diluent",6.9B (oral),"6.1D (oral), 6.4A, 6.9A (oral), 9.3C"
107-21-1,"1,2-Ethanediol (ethylene glycol)","Ethylene glycol, >34 - 83% in a non hazardous diluent",6.1E (oral),6.1D (oral)
108-01-0,Dimethylaminoethanol,"Dimethylaminoethanol, >1 - 2% in a non hazardous diluent","6.3A, 6.4A","3.1C, 6.1C (inhalation), 6.1D (dermal), 6.1D (oral), 8.2C, 8.3A, 9.1D (algal), 9.1D (crustacean), 9.1D (fish), 9.3C"
108-65-6,"2-Propanol, 1-methoxy-, acetate","Propylene glycol monoethyl ether acetate, >1 - 10% in a non hazardous diluent",3.1D,"3.1C, 6.4A"
108-91-8,Cyclohexanamine,"Cyclohexanamine, >30% in a non hazardous diluent",6.9A (oral),"6.9A (inhalation), 6.9B (oral)"
108-95-2,Phenol,"Phenol, >25% in a non hazardous diluent",6.6A,6.6B
108-95-2,Phenol,"Phenol, molten",6.6A,6.6B
110-65-6,"2-Butyne-1,4-diol","2-Butyne-1,4-diol, >10 - 33% in a non hazardous diluent","6.1D (dermal), 6.1D (inhalation), 6.1D (oral), 9.3C","6.1C (dermal), 6.1C (inhalation), 6.1C (oral), 9.1D (crustacean), 9.1D (fish), 9.2D, 9.3B"
110-91-8,Morpholine,"Morpholine, >10 - 25% in a non hazardous diluent","3.1D, 9.3C","3.1C, 8.1A, 9.1C (algal), 9.1C (crustacean), 9.1C (fish), 9.2C, 9.3B"
110-91-8,Morpholine,"Morpholine, >25 - 33% in a non hazardous diluent",3.1D,"3.1C, 8.1A"
110-91-8,Morpholine,"Morpholine, >33 - 70% in a non hazardous diluent",3.1D,"3.1C, 8.1A, 9.1C (algal), 9.1C (crustacean)"
111-30-8,"Pentanedial, (glutaraldehyde)","Glutaraldehyde, >1 - 2% in a non hazardous diluent","6.1C (inhalation), 6.3A, 6.4A, 9.1D (algal), 9.1D (crustacean), 9.2C, 9.3C","6.1A (inhalation), 6.1B (oral), 6.1C (dermal), 8.2B, 8.3A, 9.1A (algal), 9.1A (crustacean), 9.1D (fish), 9.2A, 9.3A"
111-30-8,"Pentanedial, (glutaraldehyde)","Glutaraldehyde, >20 - 25% in a non hazardous diluent","9.1D (algal), 9.1D (crustacean), 9.2B, 9.3B","6.1B (oral), 6.1C (dermal), 9.1A (algal), 9.1A (crustacean), 9.2A, 9.3A"
111-30-8,"Pentanedial, (glutaraldehyde)","Glutaraldehyde, >5 - 20% in a non hazardous diluent","6.1B (inhalation), 9.1D (algal), 9.1D (crustacean), 9.2B, 9.3B","6.1A (inhalation), 6.1B (oral), 6.1C (dermal), 9.1A (algal), 9.1A (crustacean), 9.2A, 9.3A"
111-42-2,Diethanolamine,"Diethanolamine, >1 - 2% in a non hazardous diluent","6.3B, 6.4A","6.1D (oral), 6.3A, 8.3A, 9.1D (algal), 9.1D (crustacean), 9.3C"
111-42-2,Diethanolamine,"Diethanolamine, >26% in a non hazardous diluent",9.1D (fish),
111-55-7,"1,2-Ethanediol, diacetate","Ethylene glycol diacetate, >78 - 98% in a non hazardous diluent","9.1D (algal), 9.1D (crustacean)",6.1E (oral)
112-12-9,2-Undecanone,"2-Undecanone, >3 - 25% in a non hazardous diluent","9.1C (algal), 9.1C (crustacean), 9.1C (fish)","6.1E (oral), 9.1B (algal), 9.1B (crustacean), 9.1B (fish)"
112-24-3,Triethylenetetramine,"Triethylenetetramine, >10 - 25% in a non hazardous diluent","6.1E (dermal), 6.9A (other)","6.1C (dermal), 6.1D (oral), 9.1B (algal), 9.1C (crustacean), 9.3B"
112-24-3,Triethylenetetramine,"Triethylenetetramine, >25% in a non hazardous diluent","6.1D (dermal), 6.9A (other), 9.1B (other), 9.1C (algal), 9.1C (fish), 9.3C","6.1C (dermal), 6.1D (oral), 9.1B (algal), 9.3B"
112-24-3,Triethylenetetramine,"Triethylenetetramine, >5 - 10% in a non hazardous diluent","6.1D (dermal), 6.9A (other), 9.1C (algal), 9.1C (fish)","6.1C (dermal), 6.1D (oral), 9.1B (algal), 9.3B"
112-31-2,Decanal,"Decanal, >3 - 9% in a non hazardous diluent","9.1B (crustacean), 9.1C (algal), 9.1C (fish)","6.1D (dermal), 6.1D (inhalation), 6.1D (oral), 6.3B, 6.4A, 9.1A (crustacean), 9.1B (algal), 9.1B (fish)"
112-34-5,"Ethanol, 2-(2-butoxyethoxy)-","Butyl carbitol, >40 - 99% in a non hazardous diluent",6.9B (other),"6.9B (inhalation), 6.9B (oral)"
112-54-9,Lauraldehyde,"Lauraldehyde, >10 - 25% in a non hazardous diluent","9.1C (algal), 9.1C (crustacean), 9.1C (fish)","9.1B (algal), 9.1B (crustacean), 9.1B (fish)"
112-57-2,Tetraethylenepentamine,"Tetraethylenepentamine, >5 - 25% in a non hazardous diluent","6.1D (dermal), 9.1C (algal), 9.3B","6.1C (dermal), 6.1D (inhalation), 6.1E (oral), 9.1B (algal), 9.1C (crustacean), 9.3C"
119-61-9,Benzophenone,"Benzophenone, >26% in a non hazardous diluent","9.1A (algal), 9.1A (fish)","6.1D (oral), 9.1C (fish), 9.3C"
119-61-9,Benzophenone,"Benzophenone, >3 - 26% in a non hazardous diluent","9.1B (algal), 9.1B (crustacean), 9.1B (fish)","6.1D (oral), 9.1A (crustacean), 9.1C (fish), 9.3C"
120-80-9,Pyrocatechol,"Pyrocatechol, 10 - 24% in a non hazardous diluent","6.1E (inhalation), 9.3C",9.3B
12069-69-1,Copper (II) carbonate hydroxide,"Copper (II) carbonate hydroxide, >25% in a non hazardous diluent",6.9B (other),6.9B (oral)
12125-01-8,Ammonium fluoride,"Ammonium fluoride, >5 - 32% in a non hazardous diluent","6.1D (dermal), 6.1D (oral)","6.1C (dermal), 6.1C (oral)"
12125-02-9,Ammonium chloride,"Ammonium chloride, >10 - 24% in a non hazardous diluent",6.1E (oral),"6.1D (oral), 8.1A, 9.1C (fish), 9.3C"
122-98-5,2-Anilinoethanol,"2-Anilinoethanol, >1 - 3% in a non hazardous diluent","6.1C (dermal), 6.1E (inhalation), 6.9B (dermal), 6.9B (inhalation), 6.9B (oral)","6.1B (dermal), 6.9A (dermal), 6.9A (inhalation), 6.9A (oral), 8.3A, 9.3A"
123-35-3,"1,6-Octadiene, 7-methyl-3-methylene-","Myrcene, >1 - 6% in a non hazardous diluent","6.3B, 9.1C (algal), 9.1C (crustacean), 9.1C (fish)","6.3A, 6.4A, 9.1A (algal), 9.1A (fish), 9.1B (crustacean)"
123-35-3,"1,6-Octadiene, 7-methyl-3-methylene-","Myrcene, >10 - 25% in a non hazardous diluent","9.1B (algal), 9.1B (fish), 9.1C (crustacean)","9.1A (algal), 9.1A (fish), 9.1B (crustacean)"
123-35-3,"1,6-Octadiene, 7-methyl-3-methylene-","Myrcene, >6 - 10% in a non hazardous diluent","6.3B, 9.1B (algal), 9.1B (fish), 9.1C (crustacean)","6.3A, 6.4A, 9.1A (algal), 9.1A (fish), 9.1B (crustacean)"
123-51-3,"1-Butanol, 3-methyl-","1-Butanol, 3-methyl-, 1 - 2% in a non hazardous diluent",6.4A,"3.1C, 6.1D (oral), 6.1E (dermal), 6.3B, 8.3A, 9.3C"
123-86-4,"Acetic acid, butyl ester","Butyl acetate, >40% in a non hazardous diluent","9.1D (algal), 9.3C",
1239-45-8,Ethidium bromide,"Ethidium bromide, >1 - 9% in a non hazardous diluent","6.1B (inhalation), 6.3B","6.1A (inhalation), 6.3A, 6.4A"
124-40-3,"Methanamine, N-methyl-, anhydrous (dimethylamine)","Methanamine, N-methyl-, 40-60% aqueous solution","3.1B, 6.1E (dermal), 6.9A (oral), 8.2B, 8.3A, 9.3B","2.1.1A, 6.3A, 6.4A, 6.9A (inhalation), 9.1D (fish)"
124-68-5,2-Amino-2-methyl-1-propanol,"2-Amino-2-methyl-1-propanol, >1 - 10% in a non hazardous diluent","6.3B, 6.9B (other)","3.1D, 6.1E (oral), 6.3A, 9.1C (crustacean)"
124-68-5,2-Amino-2-methyl-1-propanol,"2-Amino-2-methyl-1-propanol, >10 - 25% in a non hazardous diluent","6.9B (dermal), 6.9B (inhalation), 6.9B (other), 9.1C (algal), 9.1C (fish)","3.1D, 6.1E (oral)"
127-17-3,Pyruvic acid,"Pyruvic acid, >3 - 5% in a non hazardous diluent",6.3A,8.2C
127-18-4,"Ethene, tetrachloro-, (perchloroethylene)","Perchloroethylene, >3 - 10% in a non hazardous diluent","6.3B, 9.1C (algal), 9.1C (crustacean), 9.1C (fish), 9.3C","6.1E (inhalation), 6.1E (oral), 6.3A, 6.4A, 9.1A (algal), 9.1B (crustacean), 9.1B (fish), 9.2C, 9.3B"
127087-87-0,"Polyethylene glycol, mono(p-nonylphenyl) ether, branched","Polyethylene glycol, mono(p-nonylphenyl) ether, branched, >1 - 9% in a non hazardous diluent",6.3B,"6.1D (oral), 6.3A, 6.4A, 9.3C"
128-04-1,Sodium dimethyldithiocarbamate,"Sodium dimethyldithiocarbamate, 10 - 24% in a non hazardous diluent",6.1E (oral),"6.1C (oral), 9.3B"
128-04-1,Sodium dimethyldithiocarbamate,"Sodium dimethyldithiocarbamate, >25% in a non hazardous diluent",6.1D (oral),6.1C (oral)
1305-62-0,Calcium hydroxide,"Calcium hydroxide, >26% in a non hazardous diluent","9.1D (algal), 9.1D (crustacean)",
1305-78-8,Calcium oxide,"Calcium oxide, >26% in a non hazardous diluent","9.1D (algal), 9.1D (crustacean)",
1306-23-6,Cadmium sulphide,"Cadmium sulphide, >10 - 26% in a non hazardous diluent",6.1E (oral),"6.1D (oral), 9.1D (algal), 9.1D (crustacean), 9.1D (fish), 9.3C"
1309-64-4,Antimony trioxide,"Antimony trioxide, >1 - 10% in a non hazardous diluent","6.3B, 6.9B (inhalation)","6.3A, 6.4A, 6.9A (inhalation)"
131-17-9,Diallyl phthalate,"Diallyl phthalate, >26% in a non hazardous diluent",9.3C,
1310-58-3,Potassium hydroxide,"Potassium hydroxide, 0.5-2% aqueous solution","6.1E (oral), 6.3A, 6.4A","6.1C (oral), 8.1A, 8.2B, 8.3A, 9.1D (fish), 9.3B"
1310-58-3,Potassium hydroxide,"Potassium hydroxide, >2-5% aqueous solution","6.1E (oral), 8.2C","6.1C (oral), 8.2B, 9.1D (fish), 9.3B"
1310-58-3,Potassium hydroxide,"Potassium hydroxide, >5% aqueous solution",6.1D (oral),"6.1C (oral), 9.1D (fish)"
1310-65-2,Lithium hydroxide,"Lithium hydroxide, >1 - 2% in a non hazardous diluent","6.3A, 6.4A","6.1C (inhalation), 6.1C (oral), 8.1A, 8.2B, 8.3A, 9.1D (fish), 9.3B"
1310-66-3,"Lithium hydroxide, monohydrate","Lithium hydroxide, monohydrate, >25% in a non hazardous diluent","6.1D (inhalation), 6.1D (oral), 6.4A, 9.3C","6.1C (inhalation), 6.1C (oral), 8.1A, 8.3A, 9.3B"
1310-73-2,Sodium hydroxide,"Sodium hydroxide, 0.5-2% aqueous solution","6.1E (oral), 6.3A, 6.4A","6.1D (dermal), 6.1D (oral), 8.1A, 8.2B, 8.3A, 9.1D (crustacean), 9.1D (fish), 9.3C"
1310-73-2,Sodium hydroxide,"Sodium hydroxide, >2-5% aqueous solution","6.1E (oral), 8.2C","6.1D (dermal), 6.1D (oral), 8.2B, 9.1D (crustacean), 9.1D (fish), 9.3C"
1310-73-2,Sodium hydroxide,"Sodium hydroxide, >5% aqueous solution",6.1E (dermal),"6.1D (dermal), 9.3C"
1333-82-0,Chromium oxide,"Chromium oxide, >10 - 16% in a non hazardous diluent","6.1C (dermal), 6.1C (inhalation), 9.1B (crustacean), 9.3C","6.1B (dermal), 6.1B (inhalation), 6.1C (oral), 8.1A, 9.1A (crustacean), 9.1C (fish), 9.3B"
1341-49-7,Ammonium fluoride,"Ammonium hydrogen difluoride, >1 - 3% in a non hazardous diluent","6.3A, 6.4A","6.1C (oral), 8.2C, 8.3A, 9.3B"
1341-49-7,Ammonium fluoride,"Ammonium hydrogen difluoride, >3 - 5% in a non hazardous diluent",6.3A,"6.1C (oral), 8.2C, 9.3B"
1344-09-8,Sodium silicate with a molar ratio SiO2:Na2O = 1.6,"Sodium silicate with a molar ratio SiO2:Na2O = 1.6, >10 - 24% in a non hazardous diluent",6.1E (oral),"6.1D (oral), 9.3C"
135-20-6,Cupferron,"Cupferron, >10%  in a non hazardous diluent",9.3B,9.3C
137-16-6,Sodium lauroyl sarcosinate,"Sodium lauroyl sarcosinate, >26% in a non hazardous diluent","9.1D (algal), 9.1D (fish)",
137-20-2,Sodium methyl oleoyl taurate,"Sodium methyl oleoyl taurate, >10 - 26% in a non hazardous diluent",6.1E (oral),"6.1D (oral), 9.3C"
139-13-9,Triglycollamic acid,"Nitrilotriacetic acid, >25% in a non hazardous diluent",9.3B,"9.1D (crustacean), 9.3C"
140-31-8,2-(1-Piperazinyl) ethylamine,"2-(1-Piperazinyl) ethylamine, >10 - 24% in a non hazardous diluent",6.1E (dermal),6.1D (dermal)
14025-15-1,Copper versenate,"Copper versenate, >25% in a non hazardous diluent","9.1D (algal), 9.1D (crustacean), 9.1D (fish)","6.1E (inhalation), 9.1D (other)"
14025-21-9,Disodium zinc EDTA,"Disodium zinc EDTA, >10 - 24% in a non hazardous diluent","6.1E (oral), 6.4A","6.1D (oral), 6.1E (inhalation), 9.3C"
141-43-5,Ethanolamine,"Ethanolamine, >26% in a non hazardous diluent","9.1D (algal), 9.1D (fish)",3.1D
142-62-1,Hexanoic acid,"Hexanoic acid, >3 - 4% in a non hazardous diluent",6.3A,8.2C
142-87-0,Sodium decyl sulphate,"Sodium decyl sulphate, >25% in a non hazardous diluent",9.3C,
151-21-3,Dodecyl sodium sulphate,"Dodecyl sodium sulphate, >2 - 4% in a non hazardous diluent",6.1E (dermal),"6.1C (dermal), 6.1D (oral), 6.3B, 6.4A, 9.1D (algal), 9.1D (crustacean), 9.1D (fish), 9.2D, 9.3C"
151-21-3,Dodecyl sodium sulphate,"Dodecyl sodium sulphate, >26 - 33% in a non hazardous diluent",6.1D (dermal),"6.1C (dermal), 6.1D (oral)"
15733-22-9,4-Chloro-3-methylphenol sodium salt,"4-Chloro-3-methylphenol sodium salt, >1 - 2% in a non hazardous diluent","6.3A, 6.4A","6.1D (oral), 8.2C, 8.3A, 9.3C"
16853-85-3,"Aluminate(1-), tetrahydro-, lithium, (T-4)-","Aluminate(1-), tetrahydro-, lithium, (T-4)-, ethereal very low flashpoint","3.1A, 6.1B (inhalation), 6.1C (oral), 6.9A (inhalation), 9.1D (fish), 9.3C","6.1A (inhalation), 6.1E (oral), 9.1C (fish)"
16872-11-0,Tetrafluoroboric acid,"Tetrafluoroboric acid, >5% in a non hazardous diluent",8.2C,8.2B
18472-51-0,Chlorhexidine gluconate,"Chlorhexidine gluconate, >10 - 24% in a non hazardous diluent","6.1E (oral), 9.1B (crustacean), 9.1B (fish)","6.1D (oral), 9.1A (crustacean), 9.1A (fish), 9.3C"
21564-17-0,2-(Thiocyanomethylthio) benzothiazole,"2-(Thiocyanomethylthio) benzothiazole, >1 - 2% in a non hazardous diluent","6.1D (inhalation), 6.3B, 6.4A, 9.1C (crustacean), 9.1C (fish), 9.3B","6.1B (inhalation), 6.1D (oral), 6.3A, 8.3A, 9.1A (crustacean), 9.1A (fish), 9.3C"
21564-17-0,2-(Thiocyanomethylthio) benzothiazole,"2-(Thiocyanomethylthio) benzothiazole, >10 - 25% in a non hazardous diluent","9.1B (crustacean), 9.1B (fish), 9.3A","6.1D (oral), 9.1A (crustacean), 9.1A (fish), 9.3C"
21564-17-0,2-(Thiocyanomethylthio) benzothiazole,"2-(Thiocyanomethylthio) benzothiazole, >3 - 9% in a non hazardous diluent","6.1C (inhalation), 6.3B, 9.1B (algal), 9.1B (crustacean), 9.1B (fish), 9.3B","6.1B (inhalation), 6.1D (oral), 6.3A, 9.1A (crustacean), 9.1A (fish), 9.3C"
2235-54-3,Dodecyl ammonium sulphate,"Dodecyl ammonium sulphate, >1 - 9% in a non hazardous diluent",6.3B,"6.1E (oral), 6.3A, 6.4A, 9.1D (crustacean), 9.1D (fish)"
2235-54-3,Dodecyl ammonium sulphate,"Dodecyl ammonium sulphate, >26 - 49% in a non hazardous diluent",9.1D (algal),6.1E (oral)
24938-91-8,Polyoxyethylene tridecyl ether,"Polyoxyethylene tridecyl ether, >25% in a non hazardous diluent","9.1D (algal), 9.1D (crustacean)",
25155-30-0,Sodium lauryl benzene sulphonate,"Sodium lauryl benzene sulphonate, >3 - 9% in a non hazardous diluent",6.3B,"6.1D (oral), 6.3A, 9.1D (algal), 9.1D (crustacean), 9.1D (fish), 9.3C"
25655-41-8,Povidone iodine,"Povidone iodine, >10 - 25% in a non hazardous diluent","9.1C (crustacean), 9.1C (fish)","9.1B (crustacean), 9.1B (fish)"
2634-33-5,"1,2-Benzisothiazol-3(2H)-one","Benzisothiazolinone, >3 - 9% in a non hazardous diluent","6.3B, 9.1D (algal), 9.1D (crustacean), 9.1D (fish)","6.1D (oral), 6.3A, 9.1A (algal), 9.1B (crustacean), 9.1B (fish), 9.3C"
26628-22-8,Sodium azide,"Sodium azide, >1 - 3% in a non hazardous diluent","9.1C (algal), 9.1C (crustacean), 9.1C (fish), 9.3C","9.1A (algal), 9.1A (crustacean), 9.1A (fish), 9.3A"
26628-22-8,Sodium azide,"Sodium azide, >10 - 25% in a non hazardous diluent","9.1B (algal), 9.1B (crustacean), 9.1B (fish), 9.3B","9.1A (algal), 9.1A (crustacean), 9.1A (fish), 9.3A"
26628-22-8,Sodium azide,"Sodium azide, >3 - 10% in a non hazardous diluent","9.1B (algal), 9.1B (crustacean), 9.1B (fish), 9.3B","9.1A (algal), 9.1A (crustacean), 9.1A (fish), 9.3A"
2809-21-4,Etidronic acid,"Etidronic acid, >10 - 24% in a non hazardous diluent",6.1E (oral),"6.1D (oral), 9.1C (other), 9.3C"
2893-78-9,"1,3,5-Triazine-2,4,6(1H,3H,5H)-trione, 1,3-dichloro-, sodium salt","Sodium dichloroisocyanurate, >3 - 10% in a non hazardous diluent","6.3B, 9.1D (algal), 9.1D (crustacean), 9.1D (fish), 9.2B","6.1D (oral), 6.1E (dermal), 6.1E (inhalation), 6.3A, 6.4A, 9.1A (crustacean), 9.1A (fish), 9.2A, 9.3C"
28961-43-5,"Trimethylolpropane triacrylate, ethoxylated","Trimethylolpropane triacrylate, ethoxylated, >10% in a non hazardous diluent",6.4A,"6.1E (inhalation), 6.5B (contact), 8.3A, 9.1B (fish), 9.1D (algal), 9.1D (crustacean)"
29385-43-1,Tolytriazole,"Tolyltriazole, >10 - 24% in a non hazardous diluent",6.1E (oral),"6.1D (oral), 9.1D (algal), 9.1D (crustacean), 9.1D (fish)"
31075-24-8,Poly(oxyethylene(dimethyliminio)ethylene(dimethyliminioethlene))dichloride,"Polyoxyethylenedimethyliminoethylene dichloride, >10 - 25% in a non hazardous diluent",6.1E (oral),"6.1D (oral), 9.3C"
3251-23-8,"Nitric acid, copper(2+) salt","Cupric nitrate, >25% in a non hazardous diluent",6.9A (oral),"6.9B (inhalation), 6.9B (oral)"
3268-49-3,3-(Methylthio)-propionaldehyde,"3-(Methylthio)-propionaldehyde, >1 - 9% in a non hazardous diluent",6.3B,"6.1D (inhalation), 6.3A, 9.3C"
3710-84-7,"Ethanamine, N-ethyl-N-hydroxy-","Diethylhydroxylamine, >1 - 10% in a non hazardous diluent",6.3B,"3.1C, 6.3A, 6.4A, 9.1C (algal), 9.1C (crustacean)"
3710-84-7,"Ethanamine, N-ethyl-N-hydroxy-","Diethylhydroxylamine-, >10 - 25% in a non hazardous diluent",3.1D,"3.1C, 9.1C (algal), 9.1C (crustacean)"
3710-84-7,"Ethanamine, N-ethyl-N-hydroxy-","Diethylhydroxylamine-, >25% in a non hazardous diluent",9.1C (fish),
4098-71-9,Isophorone diisocyanate,"Isophorone diisocyanate, >1 - 3% in a non hazardous diluent",6.3B,"6.1C (inhalation), 6.1D (oral), 6.1E (dermal), 6.3A, 6.4A, 9.1D (algal), 9.1D (crustacean), 9.1D (fish), 9.3C"
4098-71-9,Isophorone diisocyanate,"Isophorone diisocyanate, >3 - 9% in a non hazardous diluent","6.3B, 9.1C (algal), 9.1C (crustacean), 9.1C (fish)","6.1C (inhalation), 6.1D (oral), 6.1E (dermal), 6.3A, 6.4A, 9.1D (algal), 9.1D (crustacean), 9.1D (fish), 9.3C"
42978-66-5,Tripropylene glycol diacrylate,"Tripropylene glycol diacrylate, >26% in a non hazardous diluent","9.1B (algal), 9.1B (crustacean)","9.1C (algal), 9.1C (crustacean)"
470-82-6,Eucalyptol,"Eucalyptol, >1 - 9% in a non hazardous diluent",6.3B,"3.1C, 6.1E (oral), 6.3A, 6.4A"
4719-04-4,"1,3,5-Triazine-1,3,5(2H,4H,6H)-triethanol","1,3,5-Triazine-1,3,5(2H,4H,6H)-triethanol, >10 - 25% in a non hazardous diluent",6.1E (oral),6.1D (oral)
4719-04-4,"1,3,5-Triazine-1,3,5(2H,4H,6H)-triethanol","1,3,5-Triazine-1,3,5(2H,4H,6H)-triethanol, >25% in a non hazardous diluent",9.3C,
497-19-8,Sodium carbonate,"Sodium carbonate, >2 - 10% in a non hazardous diluent",6.3B,"6.1D (inhalation), 6.1E (oral), 6.3A, 6.4A"
503-74-2,Isopentanoic acid,"Isopentanoic acid, >1 - 2% in a non hazardous diluent","6.3A, 6.4A","8.2C, 8.3A"
5124-30-1,"4,4'-Methylenedicyclohexyl diisocyanate","4,4'-Methylenedicyclohexyl diisocyanate, >25% in a non hazardous diluent","6.9A (other), 9.1B (other)",
5144-89-8,"1,10-Phenanthroline monohydrate","1,10-Phenanthroline monohydrate, >1 - 2% in a non hazardous diluent","9.1C (algal), 9.1C (crustacean), 9.1C (fish)","6.1C (oral), 9.1A (algal), 9.1A (crustacean), 9.1A (fish), 9.3B"
52-28-8,Codeine phosphate,Codeine phosphate anhydrous,"6.5A (respiratory), 6.5B (contact), 6.8B, 6.8C, 6.9A (oral)",6.9B (oral)
52-51-7,Bronopol,"Bronopol, 10 - 25% in a non hazardous diluent","6.1D (oral), 9.1B (algal), 9.3C","4.1.1B, 6.1C (oral), 6.1D (dermal), 6.1E (inhalation), 9.1A (algal), 9.1D (crustacean), 9.1D (fish), 9.3B"
532-32-1,Sodium benzoate,"Sodium benzoate, >26% in a non hazardous diluent","9.1D (algal), 9.1D (crustacean), 9.3C",
5392-40-5,Citral,"Citral, >1 - 9% in a non hazardous diluent",6.3B,"6.1D (oral), 6.1E (dermal), 6.3A, 9.1D (fish), 9.2D, 9.3C"
5470-11-1,Hydroxylammonium chloride,"Hydroxylammonium chloride, >3 - 9% in a non hazardous diluent","6.3B, 6.9B (oral), 9.1B (algal), 9.1B (crustacean), 9.1B (fish)","6.1D (oral), 6.3A, 6.4A, 6.9A (oral), 9.1A (algal), 9.1A (crustacean), 9.1A (fish), 9.3C"
55566-30-8,Tetrakis(hydroxymethyl)phosphonium sulphate,"Tetrakis(hydroxymethyl)phosphonium sulphate, >25% in a non hazardous diluent","8.2C, 8.3A, 9.1A (algal), 9.1A (crustacean), 9.1A (fish)",
557-05-1,Zinc stearate,"Zinc stearate, >3 - 25% in a non hazardous diluent","9.1B (crustacean), 9.1B (fish)","9.1A (crustacean), 9.1A (fish)"
57-13-6,Urea,"Urea, >10 - 24% in a non hazardous diluent",6.1E (oral),"6.1D (oral), 9.3C"
577-11-7,Sodium dioctylsulpho succinate,"Sodium dioctylsulpho succinate, >26% in a non hazardous diluent",9.1D (algal),
58-08-2,Caffeine,"Caffeine, 5 - 25% in a non hazardous diluent","6.1D (oral), 9.3C","6.1C (oral), 9.1D (fish), 9.3B"
58-27-5,Menadione,"Menadione, >10 - 24% in a non hazardous diluent","6.1E (oral), 9.1B (fish), 9.3C","6.1D (oral), 9.1A (fish), 9.3B"
583-39-1,2-Mercaptobenzimidazole,"2-Mercaptobenzimidazole, >10 - 24% in a non hazardous diluent",6.1E (oral),"6.1D (oral), 9.3C"
58339-34-7,C.I. Pigment red 108,"C.I. Pigment red 108, >1% in a non hazardous diluent",9.3B,
584-79-2,Allethrin,Bioallethrin,6.1D (oral),"3.1D, 6.1C (dermal), 6.1C (oral), 6.3B, 6.4A"
5989-27-5,"Limonene, D-","Limonene, D-, >3 - 9% in a non hazardous diluent","9.1B (crustacean), 9.1B (fish), 9.2C","3.1C, 6.1E (oral), 6.3B, 6.4A, 9.1A (crustacean), 9.1A (fish), 9.2B"
60-24-2,"Ethanol, 2-mercapto-","Ethanol, 2-mercapto-, >26% in a non hazardous diluent",9.1B (algal),9.1C (algal)
600-14-6,"2,3-Pentanedione","2,3-Pentanedione, >1% in a non hazardous diluent","6.1E (oral), 6.3A, 6.4A",3.1B
6147-53-1,Cobalt (II) acetate tetrahydrate,"Cobalt (II) acetate, tetrahydrate, >10 - 25% in a non hazardous diluent","6.1E (oral), 9.1B (algal), 9.1B (crustacean), 9.1B (fish)","6.1D (oral), 6.8B, 6.9A (inhalation), 9.1A (algal), 9.1A (crustacean), 9.1A (fish), 9.3C"
6153-56-6,Oxalic acid dihydrate,"Oxalic acid, dihydrate, 3 - 4% in a non hazardous diluent",6.3A,"6.1D (dermal), 6.1D (oral), 6.1E (inhalation), 8.2C, 9.3B"
6153-56-6,Oxalic acid dihydrate,"Oxalic acid, dihydrate, >1 - 2% in a non hazardous diluent","6.3A, 6.4A","6.1D (dermal), 6.1D (oral), 6.1E (inhalation), 8.2C, 8.3A, 9.3B"
61791-26-2,"Amines, tallow alkyl, ethoxylated","Amines, tallow alkyl, ethoxylated, >26% in a non hazardous diluent",9.1D (algal),
6303-21-5,Phosphinic acid,"Hypophosphorous acid, >5% in a non hazardous diluent",8.2C,"6.1D (dermal), 6.1D (inhalation), 6.1D (oral), 8.2B"
6381-92-6,"Disodium EDTA, dihydrate","Disodium EDTA, dihydrate, >10 - 24% in a non hazardous diluent",6.1E (oral),6.1D (oral)
64-02-8,Tetrasodium EDTA,"Tetrasodium EDTA, >10 - 24% in a non hazardous diluent",6.1E (oral),"6.1D (oral), 9.3C"
64-17-5,Ethanol,"Ethanol, >10 - 24% in a non hazardous diluent",3.1C,3.1B
64-17-5,Ethanol,"Ethanol, >24 - 50% in a non hazardous diluent",3.1C,3.1B
646-06-0,"1,3-Dioxolane","1,3-Dioxolane, >53% in a non hazardous diluent",9.3C,
6484-52-2,"Nitric acid, ammonium salt","Ammonium nitrate, >83% in a non hazardous diluent",9.1D (crustacean),
66455-14-9,"Alcohols, C12-13, ethoxylated EO4.5-6","Alcohols, C12-13, ethoxylated EO6.5",9.1B (fish),9.1A (fish)
67-56-1,Methanol,"Methanol, >1 - 10% in a non hazardous diluent","6.1E (dermal), 6.1E (inhalation), 6.1E (oral), 6.9B (inhalation)","3.1B, 6.1C (dermal), 6.1C (inhalation), 6.1C (oral), 6.4A, 6.9A (inhalation), 9.3C"
67-56-1,Methanol,"Methanol, >18 - 25% in a non hazardous diluent","3.1C, 6.1D (dermal), 6.1D (inhalation), 6.1D (oral)","3.1B, 6.1C (dermal), 6.1C (inhalation), 6.1C (oral), 9.3C"
67-56-1,Methanol,"Methanol, >25 - 44% in a non hazardous diluent",3.1C,3.1B
67-56-1,Methanol,"Methanol, >44 - 50% in a non hazardous diluent","3.1C, 6.9A (other)","3.1B, 6.1C (inhalation), 6.9A (inhalation)"
67-63-0,2-Propanol,"2-Propanol, >10 - 50% in a non hazardous diluent",3.1C,"3.1B, 6.1E (oral)"
68-26-8,Retinol,"Retinol, >10 - 24% in a non hazardous diluent",6.1E (oral),"6.1D (oral), 9.3C"
68213-23-0,"Alcohols, C12-18, ethoxylated","Alcohols, C12-18, ethoxylated, >26% in a non hazardous diluent","9.1D (algal), 9.3C",6.1E (dermal)
68391-01-5,Benzyl-C12-18-alkyldimethylammonium chloride,"Benzyl-C12-18-alkyldimethylammonium chloride, >1 - 10% in a non hazardous diluent","6.1E (oral), 6.3B","6.1C (oral), 6.1D (dermal), 6.4A, 8.2C, 9.1A (algal), 9.1A (fish), 9.3B"
68391-01-5,Benzyl-C12-18-alkyldimethylammonium chloride,"Benzyl-C12-18-alkyldimethylammonium chloride, >10 - 25% in a non hazardous diluent","6.1D (oral), 6.3A, 9.3C","6.1C (oral), 6.1D (dermal), 6.4A, 8.2C, 9.1A (algal), 9.1A (fish), 9.3B"
68411-30-3,"Benzenesulphonic acid, C10-13-alkyl derivs., sodium salts","Benzenesulphonic acid, C10-13-alkyl derivs., sodium salts, >10 - 25% in a non hazardous diluent",6.1E (oral),"6.1D (oral), 9.1D (algal), 9.1D (crustacean), 9.1D (fish), 9.3C"
68439-50-9,"Alcohols, C12-14, ethoxylated","Alcohols, C12-14, ethoxylated, >26% in a non hazardous diluent","6.1D (oral), 6.4A, 9.1A (algal), 9.3B","6.1E (oral), 8.3A, 9.1A (other)"
68585-34-2,"(C10-C16) Alcohol ethoxylate, sulphated, sodium salt","(C10-C16) Alcohol ethoxylate, sulphated, sodium salt, >26% in a non hazardous diluent","9.1D (algal), 9.1D (fish)",
6864-37-5,"4,4'-Methylenebis(2-methylcyclohexylamine)","4,4'-Methylenebis(2-Methylcyclohexylamine), >2 - 3% in a non hazardous diluent","6.1E (dermal), 6.1E (inhalation), 6.1E (oral)","6.1C (dermal), 6.1C (inhalation), 6.1C (oral), 8.2B, 9.1B (algal), 9.1B (crustacean), 9.1B (fish), 9.3B"
6864-37-5,"4,4'-Methylenebis(2-methylcyclohexylamine)","4,4'-Methylenebis(2-methylcyclohexylamine), >3 - 5% in a non hazardous diluent","6.1E (dermal), 6.1E (inhalation), 6.1E (oral), 9.1C (algal), 9.1C (crustacean), 9.1C (fish)","6.1C (dermal), 6.1C (inhalation), 6.1C (oral), 8.2B, 9.1B (algal), 9.1B (crustacean), 9.1B (fish), 9.3B"
6864-37-5,"4,4'-Methylenebis(2-methylcyclohexylamine)","4,4'-Methylenebis(2-methylcyclohexylamine), >5 - 25% in a non hazardous diluent","6.1D (dermal), 6.1D (inhalation), 6.1D (oral), 9.1C (algal), 9.1C (crustacean), 9.1C (fish)","6.1C (dermal), 6.1C (inhalation), 6.1C (oral), 9.1B (algal), 9.1B (crustacean), 9.1B (fish), 9.3B"
68955-19-1,Sodium mono-C12-18-alkyl sulphate,"Sodium mono-C12-18-alkyl sulphate, >25% in a non hazardous diluent",9.3C,
68955-20-4,Sodium mono-C16-18-alkyl sulphate,"Sodium mono-C16-18-alkyl sulphate, >25% in a non hazardous diluent","6.3A, 6.4A, 9.3C",
71-23-8,1-Propanol,"1-Propanol, >38 - 94% in a non hazardous diluent",6.1E (oral),"6.1D (oral), 6.1E (dermal)"
71-36-3,1-Butanol,"1-Butanol, >1 - 3% in a non hazardous diluent","6.3B, 6.4A","3.1C, 6.1D (oral), 6.1E (dermal), 6.1E (inhalation), 6.3A, 8.3A, 9.3C"
71-36-3,1-Butanol,"1-Butanol, >3 - 10% in a non hazardous diluent","3.1D, 6.3B","3.1C, 6.1D (oral), 6.1E (dermal), 6.1E (inhalation), 6.3A, 9.3C"
71-41-0,1-Pentanol,"1-Pentanol, >53 - 67% in a non hazardous diluent","6.1D (oral), 9.1D (algal), 9.1D (fish)","6.1C (oral), 6.1D (dermal), 6.1D (inhalation)"
71-41-0,1-Pentanol,"1-Pentanol, >67% in a non hazardous diluent","9.1D (algal), 9.1D (fish)","6.1D (dermal), 6.1D (inhalation)"
73602-61-6,Triethylamine trishydrofluoride,"Triethylamine trishydrofluoride, >10% in a non hazardous diluent",6.4A,
7429-90-5,"Aluminium powder, coated PG II","Aluminium powder, coated PG III",4.1.1B,4.1.1A
7429-90-5,"Aluminium powder, coated PG II","Aluminium powder, uncoated PG II",4.3B,4.1.1A
7429-90-5,"Aluminium powder, coated PG II","Aluminium powder, uncoated PG III",4.3C,4.1.1A
7429-90-5,"Aluminium powder, coated PG II",Aluminium pyrophoric,4.2A,4.1.1A
7439-92-1,Lead,"Lead, >10 - 25% in a non hazardous diluent","6.1D (oral), 9.1B (crustacean), 9.1C (algal), 9.1C (fish), 9.3C","6.1C (oral), 9.1A (crustacean), 9.1B (algal), 9.1B (fish), 9.3B"
7439-95-4,Magnesium powder PG I,"Magnesium pellets, turnings, ribbon, alloys > 50%",4.1.1B,"4.2B, 4.3A"
7439-95-4,Magnesium powder PG I,Magnesium powder PG II,4.3B,4.3A
7439-95-4,Magnesium powder PG I,Magnesium powder PG III,"4.2C, 4.3C","4.2B, 4.3A"
7439-98-7,Molybdenum,"Molybdenum, >1% in a non hazardous diluent",6.9B (other),
7440-66-6,Zinc ashes,Zinc powder pyrophoric,4.2A,4.3B
7440-66-6,Zinc ashes,"Zinc powder/dust, PG I","4.2B, 4.3A",4.3B
7440-66-6,Zinc ashes,"Zinc powder/dust, PG II",4.2B,
7440-66-6,Zinc ashes,"Zinc powder/dust, PG III","4.2C, 4.3C",4.3B
7447-40-7,Potassium chloride,"Potassium chloride, >10 - 25% in a non hazardous diluent",9.3C,9.3B
7447-40-7,Potassium chloride,"Potassium chloride, >25% in a non hazardous diluent",6.1D (oral),6.1E (oral)
7447-41-8,Lithium chloride,"Lithium chloride, >1 - 9% in a non hazardous diluent",6.3B,"6.1D (dermal), 6.1D (inhalation), 6.1D (oral), 6.3A, 9.1D (crustacean), 9.1D (fish), 9.3C"
75-04-7,"Ethanamine, anhydrous (ethylamine)","Ethanamine, 50-70% aqueous solution",3.1B,"2.1.1A, 9.1D (crustacean), 9.1D (fish)"
75-21-8,Oxirane (ethylene oxide),"Ethylene oxide, 10 - 15% in a non hazardous gaseous diluent",6.1E (inhalation),"6.1C (inhalation), 6.1C (oral), 9.1D (fish), 9.2D"
75-21-8,Oxirane (ethylene oxide),"Ethylene oxide, 25 - 30% in a non hazardous gaseous diluent",6.1D (inhalation),"6.1C (inhalation), 6.1C (oral)"
75-50-3,"Trimethylamine, anhydrous","Methanamine, N,N-dimethyl-, 40-50% aqueous solution","3.1A, 6.1D (oral), 8.2C, 9.3C","2.1.1A, 6.3A, 9.3B"
75-57-0,Tetramethylammonium chloride,"Tetramethylammonium chloride, >5 - 33% in a non hazardous diluent","6.1D (dermal), 9.3C","6.1C (dermal), 9.3B"
75-59-2,Tetramethylammonium hydroxide,"Tetramethylammonium hydroxide, >26% in a non hazardous diluent","8.2C, 9.1C (algal), 9.1C (crustacean), 9.1C (fish)","6.1D (oral), 8.2B"
75-59-2,Tetramethylammonium hydroxide,"Tetramethylammonium hydroxide, >5 - 26% in a non hazardous diluent",8.2C,"6.1D (oral), 8.2B"
75-75-2,Methanesulphonic acid,"Methanesulphonic acid, >26% in a non hazardous diluent","6.1B (inhalation), 9.1D (crustacean)","6.1B (dermal), 6.9A (inhalation)"
7553-56-2,Iodine (solid),"Iodine, >1 - 3% in a non hazardous diluent","6.3A, 6.4A","6.1D (dermal), 6.1D (inhalation), 6.1D (oral), 8.2C, 8.3A, 9.1A (algal), 9.1A (crustacean), 9.1A (fish), 9.3C"
7553-56-2,Iodine (solid),"Iodine, >10 - 24% in a non hazardous diluent","6.1E (dermal), 6.1E (inhalation), 6.1E (oral)","6.1D (dermal), 6.1D (inhalation), 6.1D (oral), 9.1A (algal), 9.1A (crustacean), 9.1A (fish), 9.3C"
7553-56-2,Iodine (solid),"Iodine, >3 - 5% in a non hazardous diluent",6.3A,"6.1D (dermal), 6.1D (inhalation), 6.1D (oral), 8.2C, 9.1A (algal), 9.1A (crustacean), 9.1A (fish), 9.3C"
7601-89-0,"Perchloric acid, sodium salt","Sodium perchlorate, >1 - 10% in a non hazardous diluent",6.9B (oral),"6.1E (oral), 6.3B, 6.4A, 6.8C, 6.9A (oral)"
7631-90-5,Sodium bisulphite,"Sodium bisulphite, >10 - 25% in a non hazardous diluent",6.1E (oral),"6.1D (oral), 6.1E (dermal), 6.1E (inhalation), 6.5A (respiratory), 9.3C"
7646-85-7,Zinc chloride,"Zinc chloride, >10 - 25% in a non hazardous diluent","6.1D (oral), 9.3C","6.1C (oral), 6.1E (inhalation), 8.1A, 9.3B"
7646-85-7,Zinc chloride,"Zinc chloride, >25 - 67% in a non hazardous diluent",6.1D (oral),"6.1C (oral), 6.1E (inhalation), 8.1A"
7647-01-0,Hydrogen chloride,"Hydrochloric acid, 0.5-2% aqueous solution","6.1E (oral), 6.3A, 6.4A","6.1B (inhalation), 8.1A, 8.2B, 8.3A, 9.1D (crustacean), 9.1D (fish), 9.3C"
7647-01-0,Hydrogen chloride,"Hydrochloric acid, >10-25% aqueous solution",6.1D (oral),"6.1B (inhalation), 9.1D (crustacean), 9.1D (fish)"
7647-01-0,Hydrogen chloride,"Hydrochloric acid, >2-10% aqueous solution","6.1E (dermal), 6.1E (oral), 8.2C","6.1B (inhalation), 8.2B, 9.1D (crustacean), 9.1D (fish), 9.3C"
7647-01-0,Hydrogen chloride,"Hydrochloric acid, >25% aqueous solution","6.1D (dermal), 6.1D (oral)",
7681-11-0,Potassium iodide,"Potassium iodide, >3 - 25% in a non hazardous diluent",9.1C (crustacean),9.1B (crustacean)
7681-52-9,Sodium hypochlorite,"Sodium hypochlorite, >3 - 5% in a non hazardous diluent","6.3A, 9.1B (fish)","5.1.1B, 6.1E (inhalation), 8.2C, 9.1A (crustacean), 9.1A (fish), 9.1D (algal)"
7681-52-9,Sodium hypochlorite,"Sodium hypochlorite, >5 - 25% in a non hazardous diluent","9.1B (algal), 9.1B (crustacean), 9.1B (fish)","5.1.1B, 6.1E (inhalation), 9.1A (crustacean), 9.1A (fish), 9.1D (algal)"
7681-57-4,"Disulfurous acid, disodium salt, (sodium metabisulphite)","Sodium metabisulphite, >10 - 22% in a non hazardous diluent",9.2C,"6.1D (oral), 9.1D (algal), 9.1D (crustacean), 9.1D (fish), 9.2B, 9.3C"
7681-57-4,"Disulfurous acid, disodium salt, (sodium metabisulphite)","Sodium metabisulphite, >3 - 10% in a non hazardous diluent","6.3B, 9.2C","6.1D (oral), 6.3A, 9.1D (algal), 9.1D (crustacean), 9.1D (fish), 9.2B, 9.3C"
7681-57-4,"Disulfurous acid, disodium salt, (sodium metabisulphite)","Sodium metabisulphite, >32 - 56% in a non hazardous diluent",6.1E (oral),6.1D (oral)
7697-37-2,"Nitric acid, red fuming","Nitric acid, 0.5-10% aqueous solution","6.1E (inhalation), 8.2C","5.1.1C, 6.1A (inhalation), 8.2A, 9.1C (fish)"
7697-37-2,"Nitric acid, red fuming","Nitric acid, >10-<65% aqueous solution","6.1D (inhalation), 8.2B","5.1.1C, 6.1A (inhalation), 8.2A, 9.1C (fish)"
7697-37-2,"Nitric acid, red fuming","Nitric acid, >70%, other than red fuming","6.1D (inhalation), 9.1D (fish)","6.1A (inhalation), 9.1C (fish)"
77-58-7,Dibutyltin dilaurate,"Dibutyltin dilaurate, >1 - 2% in a non hazardous diluent","6.3B, 6.9B (oral), 9.1C (algal), 9.1C (crustacean), 9.1C (fish)","6.1B (inhalation), 6.1B (oral), 6.1C (dermal), 6.3A, 6.4A, 6.9A (oral), 9.1A (crustacean), 9.1A (fish), 9.3A"
77-92-9,Citric acid,"Citric acid, >1 - 3% in a non hazardous diluent",6.4A,"6.1E (inhalation), 6.3B, 8.3A"
7705-08-0,Iron (III) chloride,"Iron (III) chloride, anhydrous, >25% in a non hazardous diluent",9.3C,"9.1C (crustacean), 9.1C (fish), 9.3B"
7718-54-9,"Nickel (II) chloride, anhydrous","Nickel (II) chloride, anhydrous, >5 - 25% in a non hazardous diluent","6.1D (oral), 9.1B (algal), 9.1B (crustacean), 9.1B (fish)","6.1C (oral), 9.1A (algal), 9.1A (crustacean), 9.1A (fish)"
7722-64-7,"Permanganic acid, potassium salt","Potassium permanganate, 10 - 14% in a non hazardous diluent",9.2B,"6.1D (oral), 9.2A, 9.3C"
7722-64-7,"Permanganic acid, potassium salt","Potassium permanganate, >3 - 5% in a non hazardous diluent","6.3A, 9.2B","6.1D (oral), 6.9A (inhalation), 8.2C, 9.2A, 9.3C"
7723-14-0,"Phosphorus, amorphous (red)","Phosphorus, white, yellow, dry or in solution","4.2A, 6.1A (dermal), 6.1A (inhalation), 6.1A (oral), 8.2A, 8.3A, 9.1A (crustacean), 9.1A (fish), 9.3A","4.1.1B, 6.1D (inhalation), 6.9A (inhalation), 9.1C (algal), 9.1C (crustacean), 9.1C (fish)"
7733-02-0,Zinc sulphate,"Zinc sulphate, >10 - 24% in a non hazardous diluent","6.1E (oral), 9.1B (algal), 9.1B (crustacean), 9.1B (fish)","6.1D (oral), 9.1A (algal), 9.1A (crustacean), 9.1A (fish), 9.3C"
7757-79-1,"Nitric acid, potassium salt","Potassium nitrate, >10 - 25% in a non hazardous diluent",5.1.1B,"5.1.1C, 6.1D (oral), 9.3C"
7757-83-7,Disodium sulphite,"Disodium sulphite, >26% in a non hazardous diluent",9.1C (fish),"9.1C (algal), 9.1D (crustacean)"
7758-05-6,"Iodic acid, potassium salt","Potassium iodate, >25% in a non hazardous diluent",9.3C,
7758-19-2,"Chlorous acid, sodium salt","Sodium chlorite, >25 - 46% in solution with a non hazardous diluent","6.1C (dermal), 6.1C (inhalation), 8.2B, 8.3A","5.1.1B, 6.1B (dermal), 6.1B (inhalation), 6.1C (oral), 6.3A, 6.4A"
7758-19-2,"Chlorous acid, sodium salt","Sodium chlorite, >3 - 5% in a solution with a non hazardous diluent","8.2B, 8.3A, 9.2B, 9.3C","5.1.1B, 6.1B (dermal), 6.1B (inhalation), 6.1C (oral), 6.3A, 6.4A, 9.2A, 9.3B"
7758-97-6,Lead (II) chromate,"Lead (II) chromate, >3 - 25% in a non hazardous diluent",9.1B (fish),9.1A (fish)
7758-98-7,Copper sulphate,"Copper sulphate, >10 - 25% in a non hazardous diluent","6.1D (oral), 9.1B (algal), 9.1B (crustacean), 9.1B (fish), 9.3C","6.1C (oral), 9.1A (algal), 9.1A (crustacean), 9.1A (fish), 9.3B"
7758-98-7,Copper sulphate,"Copper sulphate, >33% in a non hazardous diluent",6.9B (inhalation),6.9B (oral)
7758-99-8,"Copper sulphate, pentahydrate","Copper sulphate, pentahydrate, >1 - 2% in a non hazardous diluent","6.3B, 9.1C (algal), 9.1C (crustacean), 9.1C (fish)","6.1D (oral), 6.3A, 6.4A, 9.1A (algal), 9.1A (crustacean), 9.1A (fish), 9.3C"
7758-99-8,"Copper sulphate, pentahydrate","Copper sulphate, pentahydrate, >10 - 24% in a non hazardous diluent","6.1E (oral), 9.1B (algal), 9.1B (crustacean), 9.1B (fish)","6.1D (oral), 9.1A (algal), 9.1A (crustacean), 9.1A (fish), 9.3C"
7761-88-8,Nitric acid silver(1+) salt,"Silver nitrate, >1 - 3% in a non hazardous diluent","6.3A, 6.4A, 6.9B (oral), 9.2C, 9.3C","6.1D (oral), 6.9A (oral), 8.2B, 8.3A, 9.2A, 9.3A"
7761-88-8,Nitric acid silver(1+) salt,"Silver nitrate, >10 - 23% in a non hazardous diluent","9.2B, 9.3B","6.1D (oral), 9.2A, 9.3A"
7761-88-8,Nitric acid silver(1+) salt,"Silver nitrate, >3 - 5% in a non hazardous diluent","6.3A, 6.9B (oral), 9.2B, 9.3B","6.1D (oral), 6.9A (oral), 8.2B, 9.2A, 9.3A"
7772-98-7,Sodium thiosulphate,"Sodium thiosulphate, >1 - 10% in a non hazardous diluent",6.3B,"6.3A, 6.4A"
7774-29-0,Mercury (II) iodide,"Mercury (II) iodide, >10 - 25% in a non hazardous diluent","9.1B (algal), 9.1B (crustacean), 9.1B (fish), 9.3B","9.1A (algal), 9.1A (crustacean), 9.1A (fish), 9.3A"
7774-29-0,Mercury (II) iodide,"Mercury (II) iodide, >3 - 10% in a non hazardous diluent","9.1B (algal), 9.1B (crustacean), 9.1B (fish), 9.3B","9.1A (algal), 9.1A (crustacean), 9.1A (fish), 9.3A"
7775-27-1,"Peroxydisulfuric acid, disodium salt","Sodium persulphate, >65% in a non hazardous diluent","9.1C (algal), 9.1C (crustacean), 9.1C (fish)",9.1D (crustacean)
7778-50-9,"Chromic acid, dipotassium salt","Potassium dichromate, >9 - 10% in a non hazardous diluent","6.1C (inhalation), 6.1C (oral), 6.9B (inhalation), 6.9B (oral), 9.2C, 9.3B","6.1B (inhalation), 6.1B (oral), 6.1D (dermal), 6.9A (inhalation), 6.9A (oral), 9.2B, 9.3A"
7778-77-0,"Potassium phosphate, monobasic","Potassium phosphate, monobasic, >10 - 24% in a non hazardous diluent",6.1E (oral),"6.1D (oral), 9.3C"
7782-63-0,"Ferrous sulphate, heptahydrate","Iron (II) sulphate, heptahydrate, >10 - 25% in a non hazardous diluent",6.1E (oral),"6.1D (oral), 9.1D (fish), 9.3C"
7782-91-4,Molybdic acid,"Molybdic acid, >1 - 9% in a non hazardous diluent","6.9B (inhalation), 6.9B (oral)","6.4A, 6.9A (inhalation), 6.9A (oral)"
7783-28-0,Ammonium monohydrogen orthophosphate,"Ammonium monohydrogen orthophosphate, >26 - 50% in a non hazardous diluent","9.1D (algal), 9.1D (fish)","6.1E (inhalation), 6.1E (oral)"
7783-28-0,Ammonium monohydrogen orthophosphate,"Ammonium monohydrogen orthophosphate, >50% in a non hazardous diluent","9.1D (algal), 9.1D (fish)",
7784-13-6,Aluminium chloride hexahydrate,"Aluminium chloride hexahydrate, >10 - 25% in a non hazardous diluent",6.1E (oral),"6.1D (oral), 6.1E (inhalation), 9.1D (crustacean), 9.1D (fish), 9.3C"
7784-13-6,Aluminium chloride hexahydrate,"Aluminium chloride hexahydrate, >25% in a non hazardous diluent",9.1D (algal),6.1E (inhalation)
7785-87-7,Manganese (II) sulphate,"Manganese (II) sulphate, >3 - 9% in a non hazardous diluent","9.1C (algal), 9.1C (crustacean), 9.1C (fish)","6.1D (oral), 9.1B (algal), 9.1B (crustacean), 9.1B (fish), 9.1B (other), 9.3C"
7786-81-4,Nickel (II) sulphate,"Nickel (II) sulphate, >25% in a non hazardous diluent","6.9A (oral), 9.1A (crustacean), 9.1A (fish)","6.9B (oral), 9.1B (crustacean)"
7789-00-6,Potassium chromate,"Potassium chromate, >1 - 3% in a non hazardous diluent","6.3B, 9.1C (algal), 9.1C (crustacean), 9.1C (fish)","6.3A, 9.1A (algal), 9.1A (crustacean), 9.1A (fish)"
7789-00-6,Potassium chromate,"Potassium chromate, >10 - 25% in a non hazardous diluent","9.1B (algal), 9.1B (crustacean), 9.1B (fish)","9.1A (algal), 9.1A (crustacean), 9.1A (fish)"
7789-00-6,Potassium chromate,"Potassium chromate, >3 - 10% in a non hazardous diluent","6.3B, 9.1B (algal), 9.1B (crustacean), 9.1B (fish)","6.3A, 9.1A (algal), 9.1A (crustacean), 9.1A (fish)"
78-70-6,Linalool,"Linalool, >1 - 9% in a non hazardous diluent",6.3B,"3.1D, 6.1E (oral), 6.3A"
79-01-6,"Ethene, trichloro-","Trichlorethylene, >1 - 8% in a non hazardous diluent",6.3B,"6.1D (inhalation), 6.3A, 6.4A, 9.1D (algal), 9.1D (crustacean), 9.1D (fish)"
79-01-6,"Ethene, trichloro-","Trichlorethylene, >10 - 78% in a non hazardous diluent","9.1C (algal), 9.1C (crustacean), 9.1C (fish)","6.1D (inhalation), 9.1D (algal), 9.1D (crustacean), 9.1D (fish)"
79-01-6,"Ethene, trichloro-","Trichlorethylene, >78 - 96% in a non hazardous diluent",9.1B (fish),"6.1D (inhalation), 9.1D (algal), 9.1D (crustacean), 9.1D (fish)"
79-01-6,"Ethene, trichloro-","Trichlorethylene, >8 - 10% in a non hazardous diluent","6.3B, 9.1C (algal), 9.1C (crustacean), 9.1C (fish)","6.1D (inhalation), 6.3A, 6.4A, 9.1D (algal), 9.1D (crustacean), 9.1D (fish)"
79-01-6,"Ethene, trichloro-","Trichlorethylene, >96% in a non hazardous diluent","9.1B (algal), 9.1B (crustacean), 9.1B (fish), 9.3C","9.1D (algal), 9.1D (crustacean), 9.1D (fish)"
79-06-1,Acrylamide,"Acrylamide, >1 - 10% in a non hazardous diluent","6.3B, 6.9B (dermal), 6.9B (inhalation), 6.9B (oral)","6.1C (oral), 6.1D (dermal), 6.1D (inhalation), 6.3A, 6.4A, 6.9A (dermal), 6.9A (inhalation), 6.9A (oral)"
79-09-4,Propionic acid,"Propionic acid, >3 - 4% in a non hazardous diluent","6.1E (oral), 6.3A, 9.3C","3.1C, 6.1C (dermal), 6.1D (oral), 8.2B, 9.1D (algal), 9.1D (crustacean), 9.1D (fish), 9.3B"
79-14-1,Glycolic acid,"Glycolic acid, >5% in a non hazardous diluent",8.2C,"6.1D (inhalation), 6.1D (oral), 8.2B, 9.1D (fish)"
79-39-0,Methacrylamide,"Methacrylamide, >10 - 24% in a non hazardous diluent",6.1E (oral),"6.1D (oral), 9.3C"
8001-54-5,Benzalkonium chloride,"Benzalkonium chloride, >1 - 5% in a non hazardous diluent","6.1E (oral), 6.3A, 6.4A, 9.1B (algal), 9.1B (crustacean), 9.1B (fish)","6.1C (oral), 6.1D (dermal), 8.2C, 8.3A, 9.1A (algal), 9.1A (crustacean), 9.1A (fish), 9.3B"
8001-54-5,Benzalkonium chloride,"Benzalkonium chloride, >5 - 25% in a non hazardous diluent","6.1D (oral), 9.1B (algal), 9.1B (crustacean), 9.1B (fish), 9.3C","6.1C (oral), 6.1D (dermal), 9.1A (algal), 9.1A (crustacean), 9.1A (fish), 9.3B"
8002-09-3,"Oils, pine (flammable; flashpoint 23-60C)","Oils, pine (flammable; flashpoint 60-93C)",3.1D,3.1C
824-72-6,Dichlorophenylphosphine oxide,"Dichlorophenylphosphine oxide, >10% in a non hazardous diluent",9.3B,9.3C
85535-84-8,"Alkanes, C10-13, chloro","Alkanes, C10-13, chloro, >26% in a non hazardous diluent",9.1A (fish),
85536-14-7,"Benzenesulphonic acid, 4-C10-13-sec-alkyl derivs.","Benzenesulphonic acid, 4-C10-13-sec-alkyl derivs., 3 - 4% in a non hazardous diluent",6.3A,"6.1D (oral), 8.2C, 9.1D (algal), 9.1D (crustacean), 9.1D (fish), 9.3C"
872-50-4,"2-Pyrrolidinone, 1-methyl-","Methylpyrrolidone, >1 - 10% in a non hazardous diluent",6.3B,"3.1D, 6.1E (oral), 6.3A, 6.4A"
88-04-0,Chloroxylenol,"Chloroxylenol, >1 - 3% in a non hazardous diluent","6.3B, 9.1C (fish)","6.1E (oral), 6.3A, 6.4A, 9.1A (fish), 9.1B (crustacean)"
88-04-0,Chloroxylenol,"Chloroxylenol, >3 - 9% in a non hazardous diluent","6.3B, 9.1B (fish), 9.1C (crustacean)","6.1E (oral), 6.3A, 6.4A, 9.1A (fish), 9.1B (crustacean)"
88-09-5,2-Ethylbutyric acid,"2-Ethylbutyric acid, >1 - 9% in a non hazardous diluent",6.3B,"6.1D (dermal), 6.3A, 9.3C"
88-12-0,Vinylpyrrolidone,"Vinylpyrrolidone, >10 - 24% in a non hazardous diluent","6.1E (dermal), 6.1E (inhalation), 6.1E (oral), 6.9B (inhalation)","6.1D (dermal), 6.1D (inhalation), 6.1D (oral), 6.9A (inhalation), 9.1D (crustacean), 9.3C"
90-72-2,"2,4,6-Tris(dimethylaminomethyl) phenol","2,4,6-Tris(dimethylaminomethyl) phenol, >1 - 10% in a non hazardous diluent","6.3B, 6.4A","6.1D (dermal), 6.1D (oral), 8.2C, 8.3A, 9.3C"
90-72-2,"2,4,6-Tris(dimethylaminomethyl) phenol","2,4,6-Tris(dimethylaminomethyl) phenol, >10 - 24% in a non hazardous diluent","6.1E (oral), 6.3A, 6.4A","6.1D (dermal), 6.1D (oral), 8.2C, 8.3A, 9.3C"
9000-30-0,Guar gum,"Guar gum, >26% in a non hazardous diluent","9.1D (algal), 9.1D (fish), 9.1D (other)",
9002-07-7,Trypsin,"Trypsin, >10 - 25% in a non hazardous diluent",6.1E (oral),"6.1D (oral), 6.1E (inhalation), 9.1D (fish), 9.3C"
9002-07-7,Trypsin,"Trypsin, >25% in a non hazardous diluent","9.1D (algal), 9.1D (crustacean)",6.1E (inhalation)
9002-92-0,Ethoxylated lauryl alcohol,"Dodecyl alcohol, ethoxylated, >26% in a non hazardous diluent","6.4A, 9.1D (algal)",8.3A
9004-82-4,Sodium lauryl ether sulphate,"Sodium lauryl ether sulphate, >26% in a non hazardous diluent","9.1D (algal), 9.1D (fish)","6.1D (oral), 9.3C"
9014-01-1,Subtilisin,"Subtilisin, >1 - 3% in a non hazardous diluent",6.3B,"6.1E (oral), 6.3A, 8.3A"
9014-01-1,Subtilisin,"Subtilisin, >10 - 49% in a non hazardous diluent",6.1E (inhalation),6.1E (oral)
9014-01-1,Subtilisin,"Subtilisin, >3 - 10% in a non hazardous diluent",6.3B,"6.1E (oral), 6.3A"
9016-45-9,Polyethylene glycol nonylphenyl ether,"Polyethylene glycol nonylphenyl ether, >10 - 25% in a non hazardous diluent",9.1C (fish),"6.1E (dermal), 6.1E (oral), 9.1B (crustacean), 9.1B (fish), 9.1C (algal)"
9036-19-5,Ethoxylated octyl phenol,"Ethoxylated octyl phenol, >1 - 2% in a non hazardous diluent",9.1C (algal),"6.1E (oral), 6.3B, 6.4A, 9.1A (algal), 9.1B (crustacean), 9.1B (fish)"
91995-81-2,"Fatty acids, C10-20 and C16-18-unsatd., reaction products with triethanolamine, di-Me sulphate-quaternized","Fatty acids, C10-20 and C16-18-unsatd., reaction products with triethanolamine, di-Me sulphate-quaternized, >26% in a non hazardous diluent",9.1D (crustacean),
95-14-7,Benzotriazole,"1H-Benzotriazole, >10 - 24% in a non hazardous diluent","6.1E (inhalation), 6.1E (oral)","6.1D (dermal), 6.1D (inhalation), 6.1D (oral), 9.1D (fish)"
96-29-7,"2-Butanone, oxime","Methyl ethyl ketoxime, 10 - 18% in a non hazardous diluent","9.2B, 9.3C","3.1C, 6.1D (dermal), 6.1D (inhalation), 6.1D (oral), 9.1C (algal), 9.2A, 9.3B"
